{
    "pt": {
        "lostSteal": [
            "🚨 Alguém viu você, ferrou! A policia já está a caminho! 🕵️‍\n\n🎁 Você terá que subornar os policiais. Foi debitado exatamente {payCops} {paymentCops} por ter vacilado, seu asno. 💰🔓✨"
        ],
        "winSteal": [
            "🕵️‍ @{sorryPeople} Se f@deu kkkkkk.\n\n Vacilou no ponto e foi roub@do! 😴\n\n🎁 Você conseguiu subtrair {stealQuantity} {stealMatterie}!\n\nParabéns garai! Agora saia no pinote! 💰👏"
        ],
        "noSteal": [
            "Oops, parece que você tentou assaltar com uma faquinha de pão, logo se f@deu. 💸 Resultado: traído, denunciado e de férias na prisão. Vai ficar em cana por {prisonTime} minutos antes da liberdade. Pelo menos aprendeu a lição: sempre ter umas moedinhas na conta para pelo menos comprar uma @rma. 🚓🔐"
        ],
        "emCana": [
            "Opa, na cadeia não temos jogos de azar! 😅 Só o desafio de não derrubar o sabonete.\nMas há boas notícias! Em '{waitMin}.{waitSecs}' minutos, você está livre! 🗝️🚪"
        ],
        "noMoney": [
            "Você não pode roubar pessoas pobres fodid@s, faça elas medigarem o pix primeiro 😡"
        ],
        "winGame": [
            "Você ganhou! Seu prêmio foi {winGame} Lulacoins 🎉!\nParabéns, você é um verdadeiro sortudo! 🌟",
            "Aí sim! Você acaba de ganhar {winGame} Lulacoins 🎉!\nA sorte está do seu lado hoje! 🌈",
            "Tooop fi! Seu prêmio é de {winGame} Lulacoins 🎉!\nVocê é um vencedor nato! 🥳"
        ],
        "lostGame": [
            "Infelizmente, você não ganhou desta vez e perdeu {lostGame} Lulacoins 😔.\nMas não desanime, a sorte sempre pode mudar! 🍀",
            "Não foi dessa vez. Você perdeu {lostGame} Lulacoins 😔.\nMas não se preocupe, a próxima pode ser a sua sorte! 🌟",
            "Parece que a sorte não estava do seu lado desta vez, você perdeu {lostGame} Lulacoins 😔.\nContinue tentando! 💪"
        ],
        "Empate": [
            "Empate! Ninguém saiu na frente, um confronto equilibrado! 👥"
        ],
        "Uncreated": [
            "Você não possui nenhum jogo ainda, que tal começar um comigo ou com alguém?"
        ],
        "Created": [
            "Você já possui um jogo, se estiver cansado de seu oponente ou quiser batalhar contra outro, cancele este jogo antes."
        ],
        "Placar": [
            "🥇 Bem-vindo ao placar! 🗑️\n\n︵‿︵‿୨♡୧‿︵‿︵\n\n🏆 = Vitorias\n😞 = Derrotas\n🤝 = Empates\n\n︵‿︵‿୨♡୧‿︵‿︵\n\n{scoreboard}"
        ],
        "NoPlacar": [
            "🗑️ Infelizmente ainda não temos jogadores para comtabilizar um placar, o que acha de começar um jogo contra mim para ser o primeiro dele?"
        ],
        "Init": [
            "✨ Jogo criado com sucesso!\n\n👋 @{userFormated} é o primeiro a jogar."
        ],
        "NotTurn": [
            "🛑 Pare ai mesmo, ainda não é seu turno, é a vez de @{playerFormatted}, aguarde pacientemente!"
        ],
        "Invalid": [
            "⚠️ Essa jogada não é válida, somente as seguintes jogadas estão disponíveis:\n{movements}"
        ],
        "Delete": [
            "🗑️ Jogo deletado com sucesso, você agora é livre para jogar com qualquer um!"
        ],
        "Play": [
            "✅ Jogada efetuada! Agora é sua vez, @{mentionRival}!"
        ],
        "Draw": [
            "O jogo acabou por {gameend}, ambos ganham pontos de draw pelo jogo! 😄 Que tal criar uma nova partida agora? Se não encontrar um parceiro, estou aqui para jogar com você! 🎉"
        ],
        "Victory": [
            "O jogo acabou por {gameend}, o jogador @{winner} receberá um ponto de vitoria e @{looser} receberá um ponto de derrota! 😄 Que tal criar uma nova partida agora? Se não encontrar um parceiro, estou aqui para jogar com você! 🎉"
        ]
    },
    "ar": {
        "lostSteal": [
            "🚨 مفاجأة تامة مع شكوى الجيران، الشرطة ظهرت في كل مكان! 🕵️‍♂️\n\n🎁 لكن استرخ، أنت نينجا في الكلام! الشرطة وقعوا في فخ الرشوة، وكان مجرد دفع {payCops} {paymentCops} كافيًا لفتح أبواب الحرية وتسديد التعويض للضحية. 💰\n\nهذه المرة، تحدث قوة المال بصوت أعلى من القانون. الآن، بدون قيود، حان الوقت لاتخاذ خطوتك التالية! 🔓✨"
        ],
        "winSteal": [
            "🕵️‍♂️ دخلت بخفة إلى منزل @{sorryPeople}.\n\nحظك، إنه أو هي كانوا نائمين أو في الاستحمام! 😴\n\n🎁 بسرعة، وجدت صندوقًا مخفيًا، وها هو، {stealQuantity} {stealMatterie}!\n\nتهانينا، لص ذكي! اخرج بنصرك واحتفل بفوزك! 💰👏"
        ],
        "noSteal": [
            "عفوًا، يبدو أن أصدقائك لم يشتروا الفكرة. بدون مواد ولا أموال لضمان الدفع إذا ذهب السرقة على نحو خاطئ، تعقد الوضع بالنسبة لك. 💸 النتيجة: خيبة الأمل، تم الإبلاغ عنك وقضاء عطلة في السجن. يقوم النائب بإلقاء خطبة، سيستغرق {prisonTime} دقيقة قبل الحرية. على الأقل تعلم الدرس: دائماً احتفظ ببعض النقود في الحساب. 🚓🔐"
        ],
        "emCana": [
            "عذرًا، ليس لدينا ألعاب قمار في السجن! 😅 فقط تحدي عدم إسقاط الصابون.\nولكن هناك أخبار جيدة! في '{waitMin}.{waitSecs}' دقيقة، أنت حر! 🗝️🚪"
        ],
        "noMoney": [
            "لا يمكنك سرقة الفقراء، ولا تتصور أن تكون روبن هود فقط لتثبيت الفخ لهم! 😡"
        ],
        "winGame": [
            "لقد ربحت! كانت جائزتك {winGame} عملات Í 🎉!\nتهانينا، أنت محظوظ حقًا! 🌟",
            "رائع! لقد فزت للتو بـ {winGame} عملات Í 🎉!\nالحظ في صفك اليوم! 🌈",
            "تهانينا! جائزتك هي {winGame} عملات Í 🎉!\nأنت فائز حقيقي! 🥳"
        ],
        "lostGame": [
            "للأسف، لم تفز هذه المرة وفقدت {lostGame} عملات Í 😔.\nلكن لا تيأس، الحظ يمكن أن يتغير في أي وقت! 🍀",
            "لم تكن هذه المرة. لقد خسرت {lostGame} عملات Í 😔.\nولكن لا داعي للقلق، الفرصة القادمة قد تكون لصالحك! 🌟",
            "يبدو أن الحظ لم يكن في صفك هذه المرة، لقد خسرت {lostGame} عملات Í 😔.\nتابع المحاولة! 💪"
        ],
        "Empate": [
            "تعادل! لم يفز أحد، صراع متوازن! 👥"
        ],
        "Uncreated": [
            "لن تبدا لعبة ، يمكنك بدء لعبة معي أو مع شخص آخر؟"
        ],
        "Created": [
            "انت في لعبة بالفعل، إذا كنت متعبًا من خصمك أو تريد التحدي مع شخص آخر، قم بإلغاء هذه اللعبة أولاً."
        ],
        "Placar": [
            "🥇 مرحبًا بك في لوحة النتائج! 🗑️\n\n︵‿︵‿୨♡୧‿︵‿︵\n\n🏆 = الانتصارات\n😞 = الهزائم\n🤝 = التعادلات\n\n︵‿︵‿୨♡୧‿︵‿︵\n\n{scoreboard}"
        ],
        "NoPlacar": [
            "🗑️ للأسف، ليس لدينا لاعبين بعد لتجميع نقاط، ماذا عن بدء لعبة معي لتكون أول لعبة في اللوحة؟"
        ],
        "Init": [
            "✨ تم إنشاء اللعبة بنجاح!\n\n👋 @{userFormated} هو الأول في اللعب."
        ],
        "NotTurn": [
            "🛑 انتظر، ليس دورك بعد، إنه دور @{playerFormatted}، انتظر بصبر!"
        ],
        "Invalid": [
            "⚠️ هذه الخطوة غير صالحة، يتوفر فقط الخطوات التالية:\n{movements}"
        ],
        "Delete": [
            "🗑️ تم حذف اللعبة بنجاح، أنت الآن حر للعب مع أي شخص آخر!"
        ],
        "Play": [
            "✅ تم اللعب! الآن دورك، @{mentionRival}!"
        ],
        "Draw": [
            "انتهت اللعبة في {gameend}، كل منكما سيحصل على نقطة تعادل! 😄 ماذا عن إنشاء لعبة جديدة الآن؟ إذا لم تجد شريكًا، فأنا هنا للعب معك! 🎉"
        ],
        "Victory": [
            "انتهت اللعبة في {gameend}، سيربح اللاعب @{winner} نقطة الفوز وسيربح @{looser} نقطة الهزيمة! 😄 ماذا عن إنشاء لعبة جديدة الآن؟ إذا لم تجد شريكًا، فأنا هنا للعب معك! 🎉"
        ]
    },
    "jp": {
        "lostSteal": [
            "🚨 近所の告発で完全なサプライズ、どこにでも警察が現れました！ 🕵️‍♂️\n\n🎁 でも大丈夫、あなたは会話の忍者です！ 警察は賄賂の罠にかかり、{payCops} {paymentCops} を支払うだけで自由の扉が開き、被害者に支払えました。 💰\n\n今回はお金の力が法よりも強く語りました。 さて、手錠なしで次のステップを決める時です！ 🔓✨"
        ],
        "winSteal": [
            "🕵️‍♂️ あなたは@{sorryPeople}の家にこっそり入りました。\n\nラッキーなことに、彼または彼女は寝ているかシャワーを浴びていました！ 😴\n\n🎁 さっと隠れた宝箱を見つけ、そこには {stealQuantity} {stealMatterie} がありました！\n\nおめでとう、賢い盗賊よ！ 凱旋し、勝利を祝おう！ 💰👏"
        ],
        "noSteal": [
            "おっと、おそらく仲間たちはアイデアを購入していませんでした。もし強盗がうまくいかなければ支払いを保証するのに材料もお金もありませんでしたので、状況はあなたにとって複雑になりました。 💸 結果：裏切られ、告発され、刑務所で休暇中。署長は説教をしています。 自由になるまで {prisonTime} 分かかるでしょう。 少なくとも教訓を学びました：常に口座に少し小銭を持っていること。 🚓🔐"
        ],
        "emCana": [
            "おっと、刑務所にはギャンブルはありません！ 😅 石鹸を落とさないチャレンジだけです。\nしかし、良い知らせがあります！ '{waitMin}.{waitSecs}' 分後に、あなたは自由です！ 🗝️🚪"
        ],
        "noMoney": [
            "貧しい人を強奪することはできません、そしてロビンフッドになってだますことは考えないでください！ 😡"
        ],
        "Empate": [
            "引き分け！誰もリードすることはありませんでした、バランスのとれた対決です！👥"
        ],
        "winGame": [
            "おめでとうございます！あなたの賞品は {winGame} Í-Coins 🎉 です！おめでとうございます、あなたは本当にラッキーです！🌟",
            "すごい！あなたはちょうど {winGame} Í-Coins 🎉 を獲得しました！今日はあなたの運が向いています！🌈",
            "おめでとうございます！あなたの賞品は {winGame} Í-Coins 🎉 です！あなたは真の勝者です！🥳"
        ],
        "lostGame": [
            "残念ながら、今回は勝利できませんでした。 {lostGame} Í-Coins 😔\n を失いました。しかし、くじ運はいつでも変わる可能性があります！🍀",
            "今回はダメでしたね。 {lostGame} Í-Coins 😔\n を失いました。でも心配しないでください、次があなたの運かもしれません！🌟",
            "今回は運が味方していないようですね。 {lostGame} Í-Coins 😔\n を失いました。がんばり続けてください！💪"
        ],
        "Uncreated": [
            "まだゲームを持っていませんね。私か誰かと一緒に始めてみませんか？"
        ],
        "Created": [
            "既にゲームが進行中です。相手に飽きたか、他の相手と戦いたい場合は、このゲームをキャンセルしてください。"
        ],
        "Placar": [
            "🥇 スコアボードへようこそ！ 🗑️\n\n︵‿︵‿୨♡୧‿︵‿︵\n\n🏆 = 勝利\n😞 = 敗北\n🤝 = 引き分け\n\n︵‿︵‿୨♡୧‿︵‿︵\n\n{scoreboard}"
        ],
        "NoPlacar": [
            "🗑️ 残念ながら、まだプレイヤーがいないため、スコアをつけることはできません。私との対戦で初めてのゲームを始めてみるのはいかがでしょうか？"
        ],
        "Init": [
            "✨ ゲームは成功裏に作成されました！\n\n👋 @{userFormated} が最初にプレイします。"
        ],
        "NotTurn": [
            "🛑 そこで止まってください、あなたの番ではありません。@{playerFormatted}の番です、お待ちください！"
        ],
        "Invalid": [
            "⚠️ この手は無効です。次の手だけが可能です:\n{movements}"
        ],
        "Delete": [
            "🗑️ ゲームは成功裏に削除されました、これでどなたとでもプレイできます！"
        ],
        "Play": [
            "✅ 手が打たれました！これで@{mentionRival}の番です！"
        ],
        "Draw": [
            "ゲームは{gameend}で終了しました。おめでとうございます！両者が引き分けのポイントを獲得しました！ 😄 今すぐ新しいゲームを作成してみませんか？パートナーが見つからない場合は、私がプレイできますよ！ 🎉"
        ],
        "Victory": [
            "ゲームは{gameend}で終了しました。おめでとうございます！@{winner}が勝利ポイントを獲得し、@{looser}が敗北ポイントを獲得します！ 😄 今すぐ新しいゲームを作成してみませんか？パートナーが見つからない場合は、私がプレイできますよ！ 🎉"
        ]
    },
    "en": {
        "lostSteal": [
            "🚨 Total surprise with the neighbors' report, the police showed up everywhere! 🕵️‍♂️\n\n🎁 But relax, you're a ninja in persuasion! The police fell for the bribery bait, and it was just a matter of paying {payCops} {paymentCops} to open the doors of freedom and compensate the victim. 💰\n\nThis time, the power of money spoke louder than the law. Now, without handcuffs, it's time to decide your next move! 🔓✨"
        ],
        "winSteal": [
            "🕵️‍♂️ You snuck into @{sorryPeople}'s house.\n\nLucky you, he or she was asleep or in the bath! 😴\n\n🎁 Quickly, you found a hidden chest, and voilà, {stealQuantity} {stealMatterie}!\n\nCongratulations, clever thief! Go out triumphant and celebrate your victory! 💰👏"
        ],
        "noSteal": [
            "Oops, it looks like your accomplices didn't buy the idea. Without materials and cash to guarantee payment if the robbery went wrong, the situation got complicated for you. 💸 Result: betrayed, reported, and on vacation in jail. The sheriff is giving a sermon, it will take {prisonTime} minutes before freedom. At least you learned the lesson: always have some coins in the account. 🚓🔐"
        ],
        "emCana": [
            "Oops, in jail we don't have gambling games! 😅 Just the challenge of not dropping the soap.\nBut there's good news! In '{waitMin}.{waitSecs}' minutes, you're free! 🗝️🚪"
        ],
        "noMoney": [
            "You can't steal from the poor, and don't even think about playing Robin Hood just to set a trap for them! 😡"
        ],
        "Empate": [
            "Draw! No one came out on top, a balanced showdown! 👥"
        ],
        "winGame": [
            "Congratulations! You've won! Your prize is {winGame} Í-Coins 🎉!\nWell done, you're a real lucky one! 🌟",
            "Amazing! You just won {winGame} Í-Coins 🎉!\nLuck is on your side today! 🌈",
            "Congratulations! Your prize is {winGame} Í-Coins 🎉!\nYou're a born winner! 🥳"
        ],
        "lostGame": [
            "Unfortunately, you didn't win this time and lost {lostGame} Í-Coins 😔.\nBut don't get discouraged, luck can always change! 🍀",
            "Not this time. You lost {lostGame} Í-Coins 😔.\nBut don't worry, the next one might be your lucky break! 🌟",
            "Looks like luck wasn't on your side this time. You lost {lostGame} Í-Coins 😔.\nKeep trying! 💪"
        ],
        "Uncreated": [
            "You don't have any games yet. How about starting one with me or someone else?"
        ],
        "Created": [
            "You already have a game in progress. If you're tired of your opponent or want to battle against someone else, please cancel this game first."
        ],
        "Placar": [
            "🥇 Welcome to the scoreboard! 🗑️\n\n︵‿︵‿୨♡୧‿︵‿︵\n\n🏆 = Wins\n😞 = Losses\n🤝 = Draws\n\n︵‿︵‿୨♡୧‿︵‿︵\n\n{scoreboard}"
        ],
        "NoPlacar": [
            "🗑️ Unfortunately, we don't have players yet to tally a scoreboard. How about starting a game against me to be the first on it?"
        ],
        "Init": [
            "✨ Game created successfully!\n\n👋 @{userFormated} is the first to play."
        ],
        "NotTurn": [
            "🛑 Hold on there! It's not your turn yet. It's @{playerFormatted}'s turn, please wait patiently!"
        ],
        "Invalid": [
            "⚠️ This move is not valid. Only the following moves are available:\n{movements}"
        ],
        "Delete": [
            "🗑️ Game deleted successfully. Now you are free to play with anyone!"
        ],
        "Play": [
            "✅ Move executed! Now it's your turn, @{mentionRival}!"
        ],
        "Draw": [
            "The game ended in a {gameend}, both earn draw points for the game! 😄 How about creating a new game now? If you can't find a partner, I'm here to play with you! 🎉"
        ],
        "Victory": [
            "The game ended in a {gameend}. Congratulations! Player @{winner} will receive a victory point, and @{looser} will receive a defeat point! 😄 How about creating a new game now? If you can't find a partner, I'm here to play with you! 🎉"
        ]
    },
    "fr": {
        "lostSteal": [
            "🚨 Surprise totale avec la dénonciation des voisins, la police est apparue de partout ! 🕵️‍♂️\n\n🎁 Mais détendez-vous, vous êtes un ninja de la persuasion ! La police est tombée dans le piège de la corruption, il a suffi de débourser {payCops} {paymentCops} pour ouvrir les portes de la liberté et indemniser la victime. 💰\n\nCette fois-ci, le pouvoir de l'argent a parlé plus fort que la loi. Maintenant, sans menottes, il est temps de décider de votre prochaine étape ! 🔓✨"
        ],
        "winSteal": [
            "🕵️‍♂️ Vous êtes entré discrètement dans la maison de @{sorryPeople}.\n\nHeureusement pour vous, il ou elle dormait ou était dans le bain ! 😴\n\n🎁 Rapidement, vous avez trouvé un coffre caché, et voilà, {stealQuantity} {stealMatterie} !\n\nFélicitations, voleur intelligent ! Sortez triomphant et célébrez votre victoire ! 💰👏"
        ],
        "noSteal": [
            "Oops, on dirait que vos complices n'ont pas adhéré à l'idée. Sans matériel et sans argent pour garantir le paiement si le vol échouait, la situation s'est compliquée pour vous. 💸 Résultat : trahi, dénoncé et en vacances en prison. Le shérif donne un sermon, cela prendra {prisonTime} minutes avant la liberté. Au moins, vous avez appris la leçon : toujours avoir quelques pièces dans le compte. 🚓🔐"
        ],
        "emCana": [
            "Oops, en prison, nous n'avons pas de jeux de hasard ! 😅 Juste le défi de ne pas laisser tomber le savon.\nMais il y a de bonnes nouvelles ! Dans '{waitMin}.{waitSecs}' minutes, vous êtes libre ! 🗝️🚪"
        ],
        "noMoney": [
            "Vous ne pouvez pas voler les pauvres, et ne pensez même pas à jouer les Robin des Bois juste pour leur tendre un piège ! 😡"
        ],
        "Empate": [
            "Match nul ! Personne n'est sorti vainqueur, un affrontement équilibré ! 👥"
        ],
        "winGame": [
            "Félicitations ! Vous avez gagné ! Votre prix est de {winGame} Í-Coins 🎉 ! Bien joué, vous êtes vraiment chanceux ! 🌟",
            "Incroyable ! Vous venez de gagner {winGame} Í-Coins 🎉 ! La chance est de votre côté aujourd'hui ! 🌈",
            "Félicitations ! Votre prix est de {winGame} Í-Coins 🎉 ! Vous êtes un véritable gagnant ! 🥳"
        ],
        "lostGame": [
            "Malheureusement, vous n'avez pas gagné cette fois-ci et avez perdu {lostGame} Í-Coins 😔.\nMais ne perdez pas courage, la chance peut toujours changer ! 🍀",
            "Pas cette fois. Vous avez perdu {lostGame} Í-Coins 😔.\nMais ne vous inquiétez pas, la prochaine fois pourrait être la bonne ! 🌟",
            "On dirait que la chance n'était pas de votre côté cette fois-ci. Vous avez perdu {lostGame} Í-Coins 😔.\nContinuez d'essayer ! 💪"
        ],
        "Uncreated": [
            "Vous n'avez pas encore de partie. Que diriez-vous d'en commencer une avec moi ou avec quelqu'un d'autre ?"
        ],
        "Created": [
            "Vous avez déjà une partie en cours. Si vous en avez assez de votre adversaire ou si vous voulez défier quelqu'un d'autre, veuillez d'abord annuler cette partie."
        ],
        "Placar": [
            "🥇 Bienvenue au tableau des scores ! 🗑️\n\n︵‿︵‿୨♡୧‿︵‿︵\n\n🏆 = Victoires\n😞 = Défaites\n🤝 = Nuls\n\n︵‿︵‿୨♡୧‿︵‿︵\n\n{scoreboard}"
        ],
        "NoPlacar": [
            "🗑️ Malheureusement, nous n'avons pas encore de joueurs pour établir un tableau des scores. Que diriez-vous de commencer une partie contre moi pour être le premier ?"
        ],
        "Init": [
            "✨ Partie créée avec succès !\n\n👋 @{userFormated} est le premier à jouer."
        ],
        "NotTurn": [
            "🛑 Attendez là ! Ce n'est pas encore votre tour. C'est au tour de @{playerFormatted}, veuillez patienter !"
        ],
        "Invalid": [
            "⚠️ Ce coup n'est pas valide. Seuls les coups suivants sont autorisés :\n{movements}"
        ],
        "Delete": [
            "🗑️ Partie supprimée avec succès. Maintenant, vous êtes libre de jouer avec n'importe qui !"
        ],
        "Play": [
            "✅ Coup exécuté ! Maintenant, c'est à vous de jouer, @{mentionRival} !"
        ],
        "Draw": [
            "La partie s'est terminée par un {gameend}, les deux joueurs gagnent des points nuls pour la partie ! 😄 Que diriez-vous de créer une nouvelle partie maintenant ? Si vous ne trouvez pas de partenaire, je suis là pour jouer avec vous ! 🎉"
        ],
        "Victory": [
            "La partie s'est terminée par un {gameend}. Félicitations ! Le joueur @{winner} recevra un point de victoire et @{looser} recevra un point de défaite ! 😄 Que diriez-vous de créer une nouvelle partie maintenant ? Si vous ne trouvez pas de partenaire, je suis là pour jouer avec vous ! 🎉"
        ]
    },
    "es": {
        "lostSteal": [
            "🚨 Sorpresa total con la denuncia de los vecinos, la policía apareció por todas partes! 🕵️‍♂️\n\n🎁 Pero tranquilo, ¡eres un ninja persuasivo! La policía cayó en la trampa del soborno, y fue cuestión de pagar {payCops} {paymentCops} para abrir las puertas de la libertad y compensar a la víctima. 💰\n\nEsta vez, el poder del dinero habló más fuerte que la ley. Ahora, sin esposas, es el momento de decidir tu próximo paso! 🔓✨"
        ],
        "winSteal": [
            "🕵️‍♂️ Entraste sigilosamente en la casa de @{sorryPeople}.\n\n¡Suerte para ti, él o ella estaba durmiendo o en el baño! 😴\n\n🎁 Rápidamente, encontraste un cofre oculto, y voilà, {stealQuantity} {stealMatterie}!\n\n¡Felicidades, astuto ladrón! ¡Sal triunfante y celebra tu victoria! 💰👏"
        ],
        "noSteal": [
            "Oops, parece que tus cómplices no compraron la idea. Sin material y dinero para garantizar el pago si el robo salía mal, la situación se complicó para ti. 💸 Resultado: traicionado, denunciado y de vacaciones en la cárcel. El delegado está soltando un sermón, llevará {prisonTime} minutos antes de la libertad. Al menos aprendiste la lección: siempre tener algunas monedas en la cuenta. 🚓🔐"
        ],
        "emCana": [
            "Ups, en la cárcel no tenemos juegos de azar! 😅 Solo el desafío de no dejar caer el jabón.\nPero hay buenas noticias. En '{waitMin}.{waitSecs}' minutos, estarás libre! 🗝️🚪"
        ],
        "noMoney": [
            "No puedes robar a los pobres, ¡y ni siquiera pienses en hacer de Robin Hood solo para tenderles una trampa! 😡"
        ],
        "Empate": [
            "Empate! Nadie salió victorioso, un enfrentamiento equilibrado! 👥"
        ],
        "winGame": [
            "¡Felicidades! ¡Has ganado! Tu premio es de {winGame} Í-Coins 🎉!\n¡Bien hecho, eres realmente afortunado! 🌟",
            "¡Increíble! Acabas de ganar {winGame} Í-Coins 🎉!\n¡La suerte está de tu lado hoy! 🌈",
            "¡Felicidades! ¡Tu premio es de {winGame} Í-Coins 🎉!\n¡Eres un verdadero ganador! 🥳"
        ],
        "lostGame": [
            "Lamentablemente, no ganaste esta vez y perdiste {lostGame} Í-Coins 😔.\nPero no te desanimes, ¡la suerte siempre puede cambiar! 🍀",
            "Esta vez no fue. Perdiste {lostGame} Í-Coins 😔.\nPero no te preocupes, ¡la próxima puede ser tu suerte! 🌟",
            "Parece que la suerte no estaba de tu lado esta vez. Perdiste {lostGame} Í-Coins 😔.\n¡Sigue intentándolo! 💪"
        ],
        "Uncreated": [
            "Aún no tienes ningún juego. ¿Qué te parece empezar uno conmigo o con alguien más?"
        ],
        "Created": [
            "Ya tienes un juego en curso. Si estás cansado de tu oponente o quieres desafiar a alguien más, por favor, cancela este juego primero."
        ],
        "Placar": [
            "🥇 ¡Bienvenido al marcador! 🗑️\n\n︵‿︵‿୨♡୧‿︵‿︵\n\n🏆 = Victorias\n😞 = Derrotas\n🤝 = Empates\n\n︵‿︵‿୨♡୧‿︵‿︵\n\n{scoreboard}"
        ],
        "NoPlacar": [
            "🗑️ Desafortunadamente, aún no tenemos jugadores para llevar un marcador. ¿Qué tal comenzar un juego contra mí para ser el primero en él?"
        ],
        "Init": [
            "✨ Juego creado con éxito!\n\n👋 @{userFormated} es el primero en jugar."
        ],
        "NotTurn": [
            "🛑 ¡Espera un momento! Todavía no es tu turno. Es el turno de @{playerFormatted}, ¡por favor, espera pacientemente!"
        ],
        "Invalid": [
            "⚠️ Este movimiento no es válido. Solo están disponibles los siguientes movimientos:\n{movements}"
        ],
        "Delete": [
            "🗑️ Juego eliminado con éxito. ¡Ahora eres libre de jugar con cualquiera!"
        ],
        "Play": [
            "✅ ¡Movimiento ejecutado! Ahora es tu turno, @{mentionRival}!"
        ],
        "Draw": [
            "El juego terminó en un {gameend}, ambos ganan puntos de empate por el juego! 😄 ¿Qué tal crear una nueva partida ahora? Si no encuentras un compañero, ¡estoy aquí para jugar contigo! 🎉"
        ],
        "Victory": [
            "El juego terminó en un {gameend}. ¡Felicidades! El jugador @{winner} recibirá un punto de victoria y @{looser} recibirá un punto de derrota! 😄 ¿Qué tal crear una nueva partida ahora? Si no encuentras un compañero, ¡estoy aquí para jugar contigo! 🎉"
        ]
    },
    "id": {
        "lostSteal": [
            "🚨 Kejutan total dengan laporan tetangga, polisi muncul di mana-mana! 🕵️‍♂️\n\n🎁 Tapi tenang, kamu adalah seorang ninja dalam persuasi! Polisi terjebak dalam umpan suap, dan hanya perlu membayar {payCops} {paymentCops} untuk membuka pintu kebebasan dan memberi ganti rugi kepada korban. 💰\n\nKali ini, kekuatan uang berbicara lebih keras dari hukum. Sekarang, tanpa gembok, saatnya memutuskan langkah selanjutnya! 🔓✨"
        ],
        "winSteal": [
            "🕵️‍♂️ Kamu masuk diam-diam ke rumah @{sorryPeople}.\n\nBeruntunglah kamu, dia atau dia sedang tidur atau mandi! 😴\n\n🎁 Dengan cepat, kamu menemukan peti tersembunyi, dan voilà, {stealQuantity} {stealMatterie}!\n\nSelamat, pencuri cerdik! Keluar sebagai pemenang dan rayakan kemenanganmu! 💰👏"
        ],
        "noSteal": [
            "Ups, sepertinya rekan-rekanmu tidak membeli ide tersebut. Tanpa bahan dan uang untuk menjamin pembayaran jika pencurian berjalan salah, situasinya menjadi rumit bagi kamu. 💸 Hasil: dikhianati, dilaporkan, dan berlibur di penjara. Kepala polisi sedang memberikan khotbah, akan memakan waktu {prisonTime} menit sebelum kebebasan. Setidaknya kamu belajar pelajaran: selalu memiliki beberapa koin di akun. 🚓🔐"
        ],
        "emCana": [
            "Ups, di penjara kita tidak punya permainan judi! 😅 Hanya tantangan untuk tidak menjatuhkan sabun.\nTapi ada kabar baik! Dalam '{waitMin}.{waitSecs}' menit, kamu bebas! 🗝️🚪"
        ],
        "noMoney": [
            "Anda tidak bisa merampok orang miskin, dan jangan berpikir untuk berperan sebagai Robin Hood hanya untuk menyiapkan jebakan bagi mereka! 😡"
        ],
        "Empate": [
            "Seri! Tidak ada yang unggul, pertarungan seimbang! 👥"
        ],
        "winGame": [
            "Selamat! Anda menang! Hadiah Anda adalah {winGame} Í-Coins 🎉!\nSelamat, Anda benar-benar beruntung! 🌟",
            "Hebat! Anda baru saja memenangkan {winGame} Í-Coins 🎉!\nKeberuntungan ada di pihak Anda hari ini! 🌈",
            "Selamat! Hadiah Anda adalah {winGame} Í-Coins 🎉!\nAnda adalah pemenang sejati! 🥳"
        ],
        "lostGame": [
            "Sayangnya, Anda tidak menang kali ini dan kehilangan {lostGame} Í-Coins 😔.\nTapi jangan patah semangat, keberuntungan selalu bisa berubah! 🍀",
            "Bukan kali ini. Anda kehilangan {lostGame} Í-Coins 😔.\nTapi jangan khawatir, yang berikutnya mungkin keberuntungan Anda! 🌟",
            "Sepertinya keberuntungan tidak berada di pihak Anda kali ini. Anda kehilangan {lostGame} Í-Coins 😔.\nTetap semangat! 💪"
        ],
        "Uncreated": [
            "Kamu belum memiliki permainan apapun. Bagaimana kalau memulai satu dengan saya atau dengan orang lain?"
        ],
        "Created": [
            "Kamu sudah memiliki permainan yang sedang berlangsung. Jika kamu sudah bosan dengan lawanmu atau ingin bertarung dengan orang lain, silakan batalkan permainan ini terlebih dahulu."
        ],
        "Placar": [
            "🥇 Selamat datang di papan skor! 🗑️\n\n︵‿︵‿୨♡୧‿︵‿︵\n\n🏆 = Kemenangan\n😞 = Kekalahan\n🤝 = Seri\n\n︵‿︵‿୨♡୧‿︵‿︵\n\n{scoreboard}"
        ],
        "NoPlacar": [
            "🗑️ Sayangnya, belum ada pemain untuk mencatat skor. Bagaimana kalau memulai permainan melawan saya untuk menjadi yang pertama?"
        ],
        "Init": [
            "✨ Permainan berhasil dibuat!\n\n👋 @{userFormated} adalah orang pertama yang bermain."
        ],
        "NotTurn": [
            "🛑 Tunggu sebentar! Belum saatnya untukmu. Sekarang giliran @{playerFormatted}, mohon tunggu dengan sabar!"
        ],
        "Invalid": [
            "⚠️ Gerakan ini tidak valid. Hanya gerakan berikut yang tersedia:\n{movements}"
        ],
        "Delete": [
            "🗑️ Permainan berhasil dihapus. Sekarang kamu bebas bermain dengan siapa pun!"
        ],
        "Play": [
            "✅ Gerakan berhasil dilakukan! Sekarang giliranmu, @{mentionRival}!"
        ],
        "Draw": [
            "Permainan berakhir dengan {gameend}, keduanya mendapatkan poin seri untuk permainan tersebut! 😄 Bagaimana kalau membuat permainan baru sekarang? Jika tidak menemukan pasangan, saya di sini untuk bermain denganmu! 🎉"
        ],
        "Victory": [
            "Permainan berakhir dengan {gameend}. Selamat! Pemain @{winner} akan mendapatkan satu poin kemenangan, dan @{looser} akan mendapatkan satu poin kekalahan! 😄 Bagaimana kalau membuat permainan baru sekarang? Jika tidak menemukan pasangan, saya di sini untuk bermain denganmu! 🎉"
        ]
    },
    "ms": {
        "lostSteal": [
            "🚨 Kejutan penuh dengan aduan jiran, polis muncul di mana-mana! 🕵️‍♂️\n\n🎁 Tetapi tenang, anda seorang ninja dalam mendayakan! Polis terjebak dengan umpan suapan, dan hanya perlu membayar {payCops} {paymentCops} untuk membuka pintu kebebasan dan memberi ganti rugi kepada mangsa. 💰\n\nKali ini, kuasa wang bercakap lebih kuat daripada undang-undang. Sekarang, tanpa belenggu, masanya untuk membuat keputusan langkah seterusnya! 🔓✨"
        ],
        "winSteal": [
            "🕵️‍♂️ Anda menyelinap ke rumah @{sorryPeople}.\n\nNasib baik anda, dia atau dia sedang tidur atau mandi! 😴\n\n🎁 Dengan cepat, anda menemui peti tersembunyi, dan voilà, {stealQuantity} {stealMatterie}!\n\nTahniah, pencuri bijak! Keluar sebagai pemenang dan sambut kemenangan anda! 💰👏"
        ],
        "noSteal": [
            "Oops, nampaknya rakan sepasukan anda tidak membeli idea itu. Tanpa bahan dan wang untuk menjamin pembayaran jika rompakan berjalan teruk, situasi menjadi rumit bagi anda. 💸 Keputusan: dikhianati, dilaporkan, dan bercuti di dalam penjara. Sheriff sedang memberi ceramah, akan mengambil masa {prisonTime} minit sebelum kebebasan. Setidaknya anda belajar pelajaran: sentiasa ada beberapa keping syiling dalam akaun. 🚓🔐"
        ],
        "emCana": [
            "Oops, di dalam penjara, kita tidak ada permainan judi! 😅 Hanya cabaran untuk tidak menjatuhkan sabun.\nTetapi ada berita baik! Dalam '{waitMin}.{waitSecs}' minit, kamu bebas! 🗝️🚪"
        ],
        "noMoney": [
            "Anda tidak boleh mencuri dari orang miskin, dan jangan sekali-kali berpikir untuk berlakon sebagai Robin Hood hanya untuk mengatur perangkap bagi mereka! 😡"
        ],
        "Empate": [
            "Seri! Tiada sesiapa yang menang, satu pertarungan seimbang! 👥"
        ],
        "winGame": [
            "Tahniah! Anda menang! Hadiah anda ialah {winGame} Í-Coins 🎉!\nTahniah, anda memang bertuah! 🌟",
            "Hebat! Anda baru sahaja memenangi {winGame} Í-Coins 🎉!\nNasib baik berpihak kepada anda hari ini! 🌈",
            "Tahniah! Hadiah anda ialah {winGame} Í-Coins 🎉!\nAnda memang pemenang sejati! 🥳"
        ],
        "lostGame": [
            "Malangnya, anda tidak menang kali ini dan kehilangan {lostGame} Í-Coins 😔.\nTetapi jangan patah semangat, nasib boleh berubah! 🍀",
            "Bukan kali ini. Anda kehilangan {lostGame} Í-Coins 😔.\nTetapi jangan risau, yang seterusnya mungkin menjadi nasib baik anda! 🌟",
            "Nampaknya nasib tidak berpihak kepada anda kali ini. Anda kehilangan {lostGame} Í-Coins 😔.\nTerus mencuba! 💪"
        ],
        "Uncreated": [
            "Anda belum mempunyai sebarang permainan. Bagaimana kalau memulakan satu dengan saya atau dengan seseorang?"
        ],
        "Created": [
            "Anda sudah mempunyai permainan yang sedang berlangsung. Jika anda bosan dengan lawan anda atau ingin berlawan dengan seseorang yang lain, sila batalkan permainan ini terlebih dahulu."
        ],
        "Placar": [
            "🥇 Selamat datang ke papan skor! 🗑️\n\n︵‿︵‿୨♡୧‿︵‿︵\n\n🏆 = Kemenangan\n😞 = Kekalahan\n🤝 = Seri\n\n︵‿︵‿୨♡୧‿︵‿︵\n\n{scoreboard}"
        ],
        "NoPlacar": [
            "🗑️ Malangnya, kami belum mempunyai pemain untuk mencatat skor. Bagaimana kalau memulakan permainan dengan saya untuk menjadi yang pertama?"
        ],
        "Init": [
            "✨ Permainan berjaya dicipta!\n\n👋 @{userFormated} adalah yang pertama untuk bermain."
        ],
        "NotTurn": [
            "🛑 Tunggu sebentar! Belum masanya untuk anda. Kini giliran @{playerFormatted}, harap tunggu dengan sabar!"
        ],
        "Invalid": [
            "⚠️ Gerakan ini tidak sah. Hanya gerakan berikut yang tersedia:\n{movements}"
        ],
        "Delete": [
            "🗑️ Permainan berjaya dipadam. Kini anda bebas untuk bermain dengan sesiapa sahaja!"
        ],
        "Play": [
            "✅ Gerakan dilakukan! Kini giliran anda, @{mentionRival}!"
        ],
        "Draw": [
            "Permainan berakhir dengan {gameend}, kedua-dua pihak mendapat mata seri untuk permainan ini! 😄 Bagaimana kalau mencipta permainan baru sekarang? Jika tidak dapat mencari pasangan, saya sini untuk bermain dengan anda! 🎉"
        ],
        "Victory": [
            "Permainan berakhir dengan {gameend}. Tahniah! Pemain @{winner} akan mendapat satu mata kemenangan, dan @{looser} akan mendapat satu mata kekalahan! 😄 Bagaimana kalau mencipta permainan baru sekarang? Jika tidak dapat mencari pasangan, saya sini untuk bermain dengan anda! 🎉"
        ]
    },
    "hi": {
        "lostSteal": [
            "🚨 पड़ोसियों की रिपोर्ट के साथ पूरी आश्चर्य, पुलिस हर जगह दिखाई दी! 🕵️‍♂️\n\n🎁 लेकिन धैर्य रखें, आप प्रेरणा में एक निंजा हैं! पुलिस भ्रष्टाचार की चाल में आ गई, और बस {payCops} {paymentCops} चुकाने का मामला था ताकि स्वतंत्रता और पीड़ित को मुआवजा मिल सके। 💰\n\nइस बार, पैसे की शक्ति ने कानून से ज्यादा बोला। अब, हैंडकफ के बिना, यह समय है अगले कदम का निर्धारण करने का! 🔓✨"
        ],
        "winSteal": [
            "🕵️‍♂️ आपने @{sorryPeople} के घर में धीरे से प्रवेश किया।\n\nभाग्यशाली आप, वह या वह सो रहा था या नहा रहा था! 😴\n\n🎁 तेजी से, आपने एक छिपा हुआ संदूर ढ़ूंढा, और वहां, {stealQuantity} {stealMatterie}!\n\nबधाई हो, चतुर चोर! जयवंत बाहर निकलें और अपनी जीत का जश्न मनाएं! 💰👏"
        ],
        "noSteal": [
            "ऊपस, ऐसा लगता है कि आपके सहयोगियों ने विचार नहीं किया। यदि डकैती गलत जाए, तो भुगतान की गारंटी के लिए सामग्री और नकद नहीं थे, तो चीजें आपके लिए जटिल हो गईं। 💸 परिणाम: धोखा, रिपोर्ट किया गया, और जेल में छुट्टी। शेरिफ एक उपदेश दे रहा है, इससे स्वतंत्रता से पहले {prisonTime} मिनट लगेंगे। कम से कम आपने सीखा: हमेशा खाते में कुछ सिक्के रखें। 🚓🔐"
        ],
        "emCana": [
            "ओह, जेल में हमारे पास जुआ खेलने का कोई सुविधा नहीं है! 😅 केवल साबुन न गिराने का चैलेंज है।\nलेकिन यहां अच्छी खबरें हैं! '{waitMin}.{waitSecs}' मिनट में, आप मुक्त हैं! 🗝️🚪"
        ],
        "noMoney": [
            "आप गरीबों से चोरी नहीं कर सकते, और यह भी मत सोचिए कि सिर्फ उनके लिए फंसाने के लिए रॉबिन हुड बनने का ख्याल करें! 😡"
        ],
        "Empate": [
            "बराबरी! कोई भी आगे नहीं आया, एक संतुलित सामना! 👥"
        ],
        "winGame": [
            "बधाई हो! आपने जीत हासिल की है! आपका पुरस्कार है {winGame} आई-कॉइन्स 🎉!\nबधाई हो, आप सच्चे में भाग्यशाली हैं! 🌟",
            "अद्भुत! आपने अभी {winGame} आई-कॉइन्स 🎉 जीता है! भाग्य आज आपके साथ है! 🌈",
            "बधाई हो! आपका पुरस्कार है {winGame} आई-कॉइन्स 🎉!\nआप एक जन्मजात विजेता हैं! 🥳"
        ],
        "lostGame": [
            "दुख है कि, इस बार आपने नहीं जीता और {lostGame} आई-कॉइन्स 😔 खो दी हैं। लेकिन हार ना मानो, भाग्य हमेशा बदल सकता है! 🍀",
            "इस बार नहीं। आपने {lostGame} आई-कॉइन्स 😔 खो दी है। लेकिन चिंता मत करें, अगली बार शायद आपके लिए भाग्यशाली हो! 🌟",
            "लगता है कि इस बार भाग्य आपके साथ नहीं था। आपने {lostGame} आई-कॉइन्स 😔 खो दी हैं। प्रयास करते रहें! 💪"
        ],
        "Uncreated": [
            "आपके पास अब तक कोई खेल नहीं है। मेरे साथ या किसी और के साथ एक शुरू करने के बारे में क्या कहते हैं?"
        ],
        "Created": [
            "आपके पास पहले से ही एक खेल चल रहा है। यदि आप अपने विरोधी से थक चुके हैं या किसी और से युद्ध करना चाहते हैं, तो कृपया पहले इस खेल को रद्द करें।"
        ],
        "Placar": [
            "🥇 स्कोरबोर्ड में आपका स्वागत है! 🗑️\n\n︵‿︵‿୨♡୧‿︵‿︵\n\n🏆 = जीतें\n😞 = हारें\n🤝 = ड्रॉ\n\n︵‿︵‿୨♡୧‿︵‿︵\n\n{scoreboard}"
        ],
        "NoPlacar": [
            "🗑️ दुर्भाग्यवश, हमें अभी तक खिलाड़ियों की संख्या नहीं मिली है जिससे स्कोरबोर्ड बना सकें। मेरे साथ एक खेल शुरू करने का क्या ख्याल है क्या करें?"
        ],
        "Init": [
            "✨ खेल सफलतापूर्वक बनाया गया!\n\n👋 @{userFormated} पहले खेलेगा।"
        ],
        "NotTurn": [
            "🛑 रुको वहीं! अब आपकी बारी नहीं है। यह @{playerFormatted} की बारी है, कृपया धैर्य से प्रतीक्षा करें!"
        ],
        "Invalid": [
            "⚠️ यह चाल मान्य नहीं है। केवल निम्नलिखित चालें उपलब्ध हैं:\n{movements}"
        ],
        "Delete": [
            "🗑️ खेल सफलता से हटा दिया गया है। अब आप किसी के साथ खेल सकते हैं!"
        ],
        "Play": [
            "✅ चाल को सफलतापूर्वक किया गया है! अब यह @{mentionRival} की बारी है!"
        ],
        "Draw": [
            "खेल {gameend} में समाप्त हुआ, दोनों ही खेल के लिए ड्रॉ पॉइंट्स कमा रहे हैं! 😄 अब एक नया खेल बनाने का क्या ख्याल है? यदिआप किसी साथी को नहीं मिलते हैं, तो मैं यहाँ हूँ आपके साथ खेलने के लिए! 🎉"
        ],
        "Victory": [
            "खेल {gameend} में समाप्त हुआ है। बधाई हो! खिलाड़ी @{winner} को एक जीत का पॉइंट प्राप्त होगा, और @{looser} को हार का पॉइंट मिलेगा! 😄 अब एक नया खेल बनाने का क्या ख्याल है? यदि आप किसी साथी को नहीं मिलते हैं, तो मैं यहाँ हूँ आपके साथ खेलने के लिए! 🎉"
        ]
    },
    "de": {
        "lostSteal": [
            "🚨 Totale Überraschung mit der Anzeige der Nachbarn, die Polizei tauchte überall auf! 🕵️‍♂️\n\n🎁 Aber keine Sorge, du bist ein Ninja in der Überredung! Die Polizei fiel auf den Bestechungsköder herein, und es war nur eine Frage der Bezahlung von {payCops} {paymentCops}, um die Türen der Freiheit zu öffnen und dem Opfer eine Entschädigung zu zahlen. 💰\n\nDieses Mal sprach die Macht des Geldes lauter als das Gesetz. Jetzt, ohne Handschellen, ist es Zeit, deinen nächsten Schritt zu entscheiden! 🔓✨"
        ],
        "winSteal": [
            "🕵️‍♂️ Du bist leise in das Haus von @{sorryPeople} geschlichen.\n\nGlück für dich, er oder sie schlief oder war im Bad! 😴\n\n🎁 Schnell hast du eine versteckte Truhe gefunden, und voilà, {stealQuantity} {stealMatterie}!\n\nHerzlichen Glückwunsch, cleverer Dieb! Geh triumphierend nach draußen und feiere deinen Sieg! 💰👏"
        ],
        "noSteal": [
            "Hoppla, anscheinend haben deine Komplizen die Idee nicht gekauft. Ohne Material und Geld, um die Zahlung zu garantieren, wenn der Raub schief geht, wurde die Situation für dich kompliziert. 💸 Ergebnis: verraten, gemeldet und im Gefängnis Urlaub. Der Sheriff hält eine Predigt, es wird {prisonTime} Minuten dauern, bevor die Freiheit kommt. Zumindest hast du die Lektion gelernt: immer ein paar Münzen auf dem Konto haben. 🚓🔐"
        ],
        "emCana": [
            "Hoppla, im Gefängnis haben wir keine Glücksspiele! 😅 Nur die Herausforderung, die Seife nicht fallen zu lassen.\nAber es gibt gute Nachrichten! In '{waitMin}.{waitSecs}' Minuten bist du frei! 🗝️🚪"
        ],
        "noMoney": [
            "Du kannst nicht von den Armen stehlen, und denk nicht einmal daran, den Robin Hood zu spielen, nur um ihnen eine Falle zu stellen! 😡"
        ],
        "Empate": [
            "Unentschieden! Niemand hat die Nase vorn, ein ausgeglichener Schlagabtausch! 👥"
        ],
        "winGame": [
            "Herzlichen Glückwunsch! Du hast gewonnen! Dein Preis beträgt {winGame} Í-Coins 🎉!\nGut gemacht, du bist wirklich ein Glückspilz! 🌟",
            "Erstaunlich! Du hast gerade {winGame} Í-Coins 🎉 gewonnen! Das Glück ist heute auf deiner Seite! 🌈",
            "Herzlichen Glückwunsch! Dein Preis beträgt {winGame} Í-Coins 🎉!\nDu bist ein geborener Gewinner! 🥳"
        ],
        "lostGame": [
            "Leider hast du dieses Mal nicht gewonnen und {lostGame} Í-Coins 😔 verloren. Aber lass den Kopf nicht hängen, das Glück kann sich immer ändern! 🍀",
            "Dieses Mal hat es nicht geklappt. Du hast {lostGame} Í-Coins 😔 verloren. Aber mach dir keine Sorgen, das nächste Mal könnte dein Glückstag sein! 🌟",
            "Es sieht so aus, als wäre das Glück dieses Mal nicht auf deiner Seite gewesen. Du hast {lostGame} Í-Coins 😔 verloren. Weitermachen! 💪"
        ],
        "Uncreated": [
            "Du hast noch kein Spiel. Wie wäre es, eins mit mir oder jemand anderem zu beginnen?"
        ],
        "Created": [
            "Du hast bereits ein laufendes Spiel. Wenn du genug von deinem Gegner hast oder gegen jemand anderen antreten möchtest, bitte brich dieses Spiel zuerst ab."
        ],
        "Placar": [
            "🥇 Willkommen auf der Bestenliste! 🗑️\n\n︵‿︵‿୨♡୧‿︵‿︵\n\n🏆 = Siege\n😞 = Niederlagen\n🤝 = Unentschieden\n\n︵‿︵‿୨♡୧‿︵‿︵\n\n{scoreboard}"
        ],
        "NoPlacar": [
            "🗑️ Leider haben wir noch keine Spieler, um eine Bestenliste zu erstellen. Wie wäre es, ein Spiel gegen mich zu beginnen, um der Erste zu sein?"
        ],
        "Init": [
            "✨ Spiel erfolgreich erstellt!\n\n👋 @{userFormated} ist der Erste, der spielt."
        ],
        "NotTurn": [
            "🛑 Stopp! Es ist noch nicht dein Zug. Jetzt ist @{playerFormatted} an der Reihe, bitte warte geduldig!"
        ],
        "Invalid": [
            "⚠️ Dieser Zug ist ungültig. Nur die folgenden Züge sind erlaubt:\n{movements}"
        ],
        "Delete": [
            "🗑️ Spiel erfolgreich gelöscht. Jetzt bist du frei, mit jedem zu spielen!"
        ],
        "Play": [
            "✅ Zug erfolgreich durchgeführt! Jetzt bist du dran, @{mentionRival}!"
        ],
        "Draw": [
            "Das Spiel endete mit {gameend}, beide erhalten Punkte für ein Unentschieden! 😄 Wie wäre es, jetzt ein neues Spiel zu erstellen? Wenn du keinen Partner findest, stehe ich hier bereit, um mit dir zu spielen! 🎉"
        ],
        "Victory": [
            "Das Spiel endete mit {gameend}. Herzlichen Glückwunsch! Der Spieler @{winner} erhält einen Siegpunkt, und @{looser} erhält einen Niederlagenpunkt! 😄 Wie wäre es, jetzt ein neues Spiel zu erstellen? Wenn du keinen Partner findest, stehe ich hier bereit, um mit dir zu spielen! 🎉"
        ]
    },
    "it": {
        "lostSteal": [
            "🚨 Sorpresa totale con la denuncia dei vicini, la polizia è comparsa ovunque! 🕵️‍♂️\n\n🎁 Ma tranquillo, sei un ninja persuasivo! La polizia è caduta nella trappola della corruzione, ed è bastato pagare {payCops} {paymentCops} per aprire le porte della libertà e risarcire la vittima. 💰\n\nQuesta volta, il potere del denaro ha parlato più forte della legge. Ora, senza manette, è il momento di decidere il tuo prossimo passo! 🔓✨"
        ],
        "winSteal": [
            "🕵️‍♂️ Sei entrato furtivamente nella casa di @{sorryPeople}.\n\nPer fortuna, lui o lei dormiva o era in bagno! 😴\n\n🎁 Rapidamente hai trovato un baule nascosto, e voilà, {stealQuantity} {stealMatterie}!\n\nCongratulazioni, furbo ladro! Esci trionfante e festeggia la tua vittoria! 💰👏"
        ],
        "noSteal": [
            "Ops, sembra che i tuoi complici non abbiano comprato l'idea. Senza materiali e soldi per garantire il pagamento se il furto andasse storto, la situazione si è complicata per te. 💸 Risultato: tradito, denunciato e in vacanza in prigione. Lo sceriffo sta dando una predica, ci vorranno {prisonTime} minuti prima della libertà. Almeno hai imparato la lezione: avere sempre qualche moneta sul conto. 🚓🔐"
        ],
        "emCana": [
            "Ops, in prigione non abbiamo giochi d'azzardo! 😅 Solo la sfida di non far cadere il sapone.\nMa ci sono buone notizie! In '{waitMin}.{waitSecs}' minuti, sei libero! 🗝️🚪"
        ],
        "noMoney": [
            "Non puoi rubare ai poveri, e non pensare nemmeno di fare il Robin Hood solo per tendere loro un'imboscata! 😡"
        ],
        "Empate": [
            "Pareggio! Nessuno è uscito vincitore, uno scontro equilibrato! 👥"
        ],
        "winGame": [
            "Hai vinto! Il tuo premio è di {winGame} Í-Coins 🎉!\nCongratulazioni, sei davvero fortunato! 🌟",
            "Incredibile! Hai appena vinto {winGame} Í-Coins 🎉!\nLa fortuna è dalla tua parte oggi! 🌈",
            "Congratulazioni! Il tuo premio è di {winGame} Í-Coins 🎉!\nSei un vero vincitore! 🥳"
        ],
        "lostGame": [
            "Sfortunatamente, questa volta non hai vinto e hai perso {lostGame} Í-Coins 😔.\nMa non scoraggiarti, la fortuna può sempre cambiare! 🍀",
            "Questa volta non è andata bene. Hai perso {lostGame} Í-Coins 😔.\nMa non preoccuparti, la prossima potrebbe essere la tua fortuna! 🌟",
            "Sembra che la fortuna non fosse dalla tua parte questa volta. Hai perso {lostGame} Í-Coins 😔.\nContinua a tentare! 💪"
        ],
        "Uncreated": [
            "Non hai ancora nessun gioco. Cosa ne dici di iniziarne uno con me o con qualcun altro?"
        ],
        "Created": [
            "Hai già un gioco in corso. Se sei stanco del tuo avversario o vuoi sfidare qualcun altro, per favore cancella questo gioco prima."
        ],
        "Placar": [
            "🥇 Benvenuto nella classifica! 🗑️\n\n︵‿︵‿୨♡୧‿︵‿︵\n\n🏆 = Vittorie\n😞 = Sconfitte\n🤝 = Pareggi\n\n︵‿︵‿୨♡୧‿︵‿︵\n\n{scoreboard}"
        ],
        "NoPlacar": [
            "🗑️ Purtroppo non abbiamo ancora giocatori per compilare una classifica. Cosa ne dici di iniziare una partita contro di me per essere il primo?"
        ],
        "Init": [
            "✨ Gioco creato con successo!\n\n👋 @{userFormated} è il primo a giocare."
        ],
        "NotTurn": [
            "🛑 Fermati lì! Non è ancora il tuo turno. È il turno di @{playerFormatted}, attendi pazientemente!"
        ],
        "Invalid": [
            "⚠️ Mossa non valida. Sono permesse solo le seguenti mosse:\n{movements}"
        ],
        "Delete": [
            "🗑️ Gioco cancellato con successo. Ora sei libero di giocare con chiunque!"
        ],
        "Play": [
            "✅ Mossa effettuata! Ora è il tuo turno, @{mentionRival}!"
        ],
        "Draw": [
            "Il gioco è finito per {gameend}, entrambi guadagnano punti per il pareggio! 😄 Cosa ne dici di creare una nuova partita ora? Se non trovi un compagno, sono qui pronto a giocare con te! 🎉"
        ],
        "Victory": [
            "Il gioco è finito per {gameend}. Congratulazioni! Il giocatore @{winner} riceverà un punto vittoria, e @{looser} riceverà un punto sconfitta! 😄 Cosa ne dici di creare una nuova partita ora? Se non trovi un compagno, sono qui pronto a giocare con te! 🎉"
        ]
    },
    "ru": {
        "lostSteal": [
            "🚨 Полное удивление с жалобой соседей, полиция появилась повсюду! 🕵️‍♂️\n\n🎁 Но успокойтесь, вы настоящий ниндзя в убеждении! Полиция попала в ловушку подкупа, и было достаточно заплатить {payCops} {paymentCops} чтобы открыть двери свободы и компенсировать потерпевшему. 💰\n\nНа этот раз сила денег заговорила громче закона. Теперь, без наручников, пришло время решить, как поступить дальше! 🔓✨"
        ],
        "winSteal": [
            "🕵️‍♂️ Ты подкрался к дому @{sorryPeople}.\n\nК счастью для тебя, он или она спала или принимала ванну! 😴\n\n🎁 Быстро нашел скрытый сундук, и вуаля, {stealQuantity} {stealMatterie}!\n\nПоздравляю, умный вор! Выходи триумфатором и празднуй свою победу! 💰👏"
        ],
        "noSteal": [
            "Упс, кажется, твои сообщники не купили эту идею. Без материалов и денег, чтобы гарантировать оплату, если ограбление пойдет не так, ситуация для тебя усложнилась. 💸 Результат: предан, доложен и в отпуске в тюрьме. Шериф дает проповедь, это займет {prisonTime} минут до свободы. По крайней мере, ты вынес урок: всегда держи пару монет на счету. 🚓🔐"
        ],
        "emCana": [
            "Ой, в тюрьме у нас нет азартных игр! 😅 Только вызов не уронить мыло.\nНо есть хорошие новости! Через '{waitMin}.{waitSecs}' минут, ты свободен! 🗝️🚪"
        ],
        "noMoney": [
            "Вы не можете обворовывать бедных, и даже не думайте играть в Робин Гуда, чтобы подставить их! 😡"
        ],
        "Empate": [
            "Ничья! Никто не вышел победителем, равная борьба! 👥"
        ],
        "winGame": [
            "Вы выиграли! Ваш выигрыш составил {winGame} Í-Coins 🎉!\nПоздравляю, вы настоящий счастливчик! 🌟",
            "Удивительно! Вы только что выиграли {winGame} Í-Coins 🎉!\nСегодня у вас везет! 🌈",
            "Поздравляю! Ваш выигрыш - {winGame} Í-Coins 🎉!\nВы истинный победитель! 🥳"
        ],
        "lostGame": [
            "К сожалению, на этот раз вы не выиграли и проиграли {lostGame} Í-Coins 😔.\nНо не унывайте, удача всегда может измениться! 🍀",
            "На этот раз не повезло. Вы проиграли {lostGame} Í-Coins 😔.\nНо не волнуйтесь, следующий раз может оказаться удачным! 🌟",
            "Похоже, что на этот раз удача была не на вашей стороне. Вы проиграли {lostGame} Í-Coins 😔.\nПродолжайте попытки! 💪"
        ],
        "Uncreated": [
            "У вас пока нет ни одной игры. Как насчет начать одну со мной или с кем-то еще?"
        ],
        "Created": [
            "У вас уже есть текущая игра. Если вы устали от своего соперника или хотите сразиться с кем-то другим, пожалуйста, отмените эту игру сначала."
        ],
        "Placar": [
            "🥇 Добро пожаловать в таблицу лидеров! 🗑️\n\n︵‿︵‿୨♡୧‿︵‿︵\n\n🏆 = Победы\n😞 = Поражения\n🤝 = Ничьи\n\n︵‿︵‿୨♡୧‿︵‿︵\n\n{scoreboard}"
        ],
        "NoPlacar": [
            "🗑️ К сожалению, у нас пока нет игроков для составления таблицы лидеров. Как насчет начать игру против меня, чтобы быть первым?"
        ],
        "Init": [
            "✨ Игра успешно создана!\n\n👋 @{userFormated} первым делает ход."
        ],
        "NotTurn": [
            "🛑 Подождите! Еще не ваш ход. Сейчас ходит @{playerFormatted}, пожалуйста, подождите с терпением!"
        ],
        "Invalid": [
            "⚠️ Этот ход недопустим. Разрешены только следующие ходы:\n{movements}"
        ],
        "Delete": [
            "🗑️ Игра успешно удалена. Теперь вы свободны играть с кем угодно!"
        ],
        "Play": [
            "✅ Ход успешно выполнен! Теперь ваша очередь, @{mentionRival}!"
        ],
        "Draw": [
            "Игра завершилась по {gameend}, оба получают очки за ничью! 😄 Как насчет создания новой игры сейчас? Если вы не найдете партнера, я здесь, чтобы поиграть с вами! 🎉"
        ],
        "Victory": [
            "Игра завершилась по {gameend}. Поздравляю! Игрок @{winner} получит одно победное очко, а @{looser} - одно поражение! 😄 Как насчет создания новой игры сейчас? Если вы не найдете партнера, я здесь, чтобы поиграть с вами! 🎉"
        ]
    },
    "lat": {
        "lostSteal": [
            "🚨 Totale mirum cum querela vicinorum, apparuit ubique polícia! 🕵️‍♂️\n\n🎁 Sed relaxa, es ninja in persuasione! Polícia in dolone corruptionis cecidit, et solvere tantum {payCops} {paymentCops} erat ut aperiretur porta libertatis et victimae compensaretur. 💰\n\nHac vice, potentia pecuniae magis locuta est quam lex. Nunc, sine manicis, est tempus tuum sequentis gradus decernendi! 🔓✨"
        ],
        "winSteal": [
            "🕵️‍♂️ Insidiatus es in domum @{sorryPeople}.\n\nFortuna tibi favit, dormiebat aut lavabatur! 😴\n\n🎁 Celeriter repertum est arcae abdita, et voilà, {stealQuantity} {stealMatterie}!\n\nGratulor, fur latro! Exi triumphans et victoriam tuam celebra! 💰👏"
        ],
        "noSteal": [
            "Heus, videtur tuos consocios non acceptos esse. Sine rebus pecuniamque ad firmandam solutionem, si furtum male cederet, situatio tibi complicata est. 💸 Eventus: proditus, index, et in feriis in carcere. Praefectus concionem habet, hoc {prisonTime} minutis ante libertatem accipiet. Saltem didicisti lectionem: semper habere nummos in ratione. 🚓🔐"
        ],
        "emCana": [
            "Vae, in carcere aleae ludos non habemus! 😅 Solus certamen non lubricare sapone est.\nAt sunt bona nuntia! In '{waitMin}.{waitSecs}' minutis, liber eris! 🗝️🚪"
        ],
        "noMoney": [
            "Non potes egenos furari, nec cogites te esse Robin Hood tantum ut insidias eis struas! 😡"
        ],
        "Empate": [
            "Par! Nemo praevalebat, concertatio aequilibrata! 👥"
        ],
        "winGame": [
            "Vicisti! Praemium tuum est {winGame} Í-Coins 🎉!\nGrates tibi agimus, vere felix es! 🌟",
            "Mirabile! Modo vicisti {winGame} Í-Coins 🎉!\nFortuna tecum est hodie! 🌈",
            "Gratulamur tibi! Praemium tuum est {winGame} Í-Coins 🎉!\nTu vere victor es! 🥳"
        ],
        "lostGame": [
            "Dolenter, hac vice non vicisti et amisisti {lostGame} Í-Coins 😔.\nSed ne deficias, fortuna semper mutari potest! 🍀",
            "Non hoc tempore evenit. Amisisti {lostGame} Í-Coins 😔.\nSed noli timere, proxima fors tua potest esse! 🌟",
            "Videtur fortuna non fuit tecum hoc tempore. Amisisti {lostGame} Í-Coins 😔.\nPerge conari! 💪"
        ],
        "Uncreated": [
            "Nulla adhuc ludorum possides. Quid de uno mecum vel cum alio incipere?"
        ],
        "Created": [
            "Jam lusum habes. Si tibi sat est adversarii tui aut cum alio certare vis, ludum istum primum tollas."
        ],
        "Placar": [
            "🥇 Bene venisti in tabulam primorum! 🗑️\n\n︵‿︵‿୨♡୧‿︵‿︵\n\n🏆 = Victoriae\n😞 = Perniciae\n🤝 = Paritates\n\n︵‿︵‿୨♡୧‿︵‿︵\n\n{scoreboard}"
        ],
        "NoPlacar": [
            "🗑️ Doleo dicere, sed adhuc nulli ludorum habemus ut tabulam primorum conficiamus. Quid de lusu mecum incipere et primus fieri?"
        ],
        "Init": [
            "✨ Ludus feliciter creatus est!\n\n👋 @{userFormated} primus ludit."
        ],
        "NotTurn": [
            "🛑 Sta ibi! Nondum tua est vice. Nunc est @{playerFormatted} vice, patienter exspecta!"
        ],
        "Invalid": [
            "⚠️ Hoc motus non licet. Tantum sequentes motus licent:\n{movements}"
        ],
        "Delete": [
            "🗑️ Ludus feliciter deletus est. Nunc liber es cum quocumque ludere!"
        ],
        "Play": [
            "✅ Motus feliciter factus est! Nunc tua est vice, @{mentionRival}!"
        ],
        "Draw": [
            "Ludus terminatus est ex {gameend}, ambo puncta pari adipiscuntur! 😄 Quid de novo ludo nunc creando? Si socium non invenis, adsum ad tecum ludere! 🎉"
        ],
        "Victory": [
            "Ludus terminatus est ex {gameend}. Gratulor! Ludens @{winner} unum victoriae punctum et @{looser} unum perniciae punctum accipiet! 😄 Quid de novo ludo nunc creando? Si socium non invenis, adsum ad tecum ludere! 🎉"
        ]
    }
}