{
    "name": "organize",
    "description": "Classificar os arquivos pela sua data decrescente de modificação.",
    "usage": {
        "general": "[RESTRITO] - Verifique o 'examples' para usos inseguros.",
        "examples": [
            "organize.env()",
            "organize.sort('place', 'result limits', 'only name')",
            "organize.reset()",
            "organize.env().functions.sort.value('place', 'result limits', 'only name')",
            "organize.env().functions.revert.value()"
        ]
    },
    "license": "MIT",
    "helps": [
        "Você pode mudar os parâmetros da exports enviando o valor da Object que deseja editar ao resetar, por exemplo → organize.reset({ name: 'Body'}) ← Isso mudaria o module para Body, o uso então passaria ser: → Body.funcão ← Isso também permite que você edita a função usando o mesmo método.",
        "Você pode mudar o que os códigos rodam, em tempo real, basta usar a 'env', por exemplo → organize.env().name = 'Body' ← Mas este método não atualizará o sistema, somente a Object, os sistemas permanecem intactos.",
        "Você pode configurar o tempo de reset dos resultados ou se eles devem ser resetados usando a env, por exemplo → organize.env().settings.wait = 10000 ← Isso mudaria o tempo de espera para 10 segundos, o tempo deve ser em milissegundos.",
        "Alguém lê essas dicas? Se sim, torne-se um programador, ler os tutoriais é de suma importância e poucos desenvolvedores o fazem...",
        "Existem infinitas formas de uso secretas, explore os códigos para descobrir os mistérios dos sistemas!",
        "Todas as funções tem valores padrão, então você não sofrerá erros por esquecer de enviar um parâmetro ou similar.",
        "Este sistema retornará uma Array vazia se o local não existir ou obter erros, assim você é menos afetado nos erros."
    ],
    "exports": {
        "env": "env",
        "messedup": "messedup",
        "sort": "sort",
        "reset": "reset",
        "poswork": "finish"
    },
    "developer": "KillovSky",
    "files": {
        "index.js": "Sistema que faz a classificação dos arquivos.",
        "utils.json": "Dados de fábrica da envInfo."
    },
    "modules": {
        "fs": "Leitura de diretórios e arquivos.",
        "path": "Para obter o nome da pasta.",
        "@killovsky/tree": "Para filtrar os arquivos da pasta."
    },
    "functions": {
        "ambient": {
            "arguments": false,
            "description": "Retorna as variáveis e sistemas do arquivo.",
            "type": "Boolean / Function",
            "value": false
        },
        "messedup": {
            "arguments": {
                "error": {
                    "description": "Instância de erro para formatação.",
                    "type": "Boolean / Error",
                    "value": false
                }
            },
            "description": "Ajusta os valores de erro.",
            "type": "Boolean / Function",
            "value": false
        },
        "sort": {
            "arguments": {
                "folderName": {
                    "description": "String com o local que deve ser examinado.",
                    "type": "Boolean / String",
                    "value": false
                },
                "limitResult": {
                    "description": "Define quantos resultados devem ser contados na função.",
                    "type": "Number",
                    "value": 1
                },
                "onlyName": {
                    "description": "Define se deve mandar o resultado inteiro ou apenas os nomes.",
                    "type": "Boolean",
                    "value": true
                }
            },
            "description": "Classifica de forma decrescente os arquivos de um local pela data deles.",
            "type": "Boolean / Function",
            "value": false
        },
        "poswork": {
            "arguments": {
                "response": {
                    "description": "Resultados de uma função.",
                    "type": "Any",
                    "value": false
                }
            },
            "description": "Verifica se pode resetar a envInfo e retorna o resultado da função.",
            "type": "Boolean / Function",
            "value": false
        },
        "revert": {
            "arguments": {
                "changeKey": {
                    "description": "Uma Object com valores que existem na envInfo, ela será usada para substituir o sistema em tempo real.",
                    "type": "Object value",
                    "anyValue": false
                }
            },
            "description": "Reseta a envInfo para a Object padrão.",
            "type": "Boolean / Function",
            "value": false
        }
    },
    "settings": {
        "wait": {
            "description": "Tempo em MS que deve esperar antes de resetar.",
            "type": "Number",
            "value": 5000
        },
        "error": {
            "description": "Define se pode printar qualquer erro.",
            "type": "Boolean",
            "value": true
        },
        "ender": {
            "description": "Define se deve resetar a cada erro.",
            "type": "Boolean",
            "value": true
        },
        "finish": {
            "description": "Define se deve resetar a cada finalização.",
            "type": "Boolean",
            "value": true
        }
    },
    "parameters": {
        "location": {
            "description": "Local onde o módulo pode ser encontrado.",
            "type": "Boolean / String",
            "value": "./index"
        },
        "code": {
            "description": "Código do erro que obter.",
            "type": "Boolean / String / Number",
            "value": false
        },
        "message": {
            "description": "Armazena a mensagem do último erro recebido.",
            "type": "Boolean / String",
            "value": false
        }
    },
    "results": {
        "description": "Resultado final da função.",
        "success": true,
        "type": "Boolean / Array",
        "value": false
    }
}