{
    "pt": {
        "User": [
            "༺{name}༻\n{alias}"
        ],
        "Developer": [
            "📚"
        ],
        "Restrict": [
            "Opa, só adms podem usar este comando!"
        ],
        "Timestamp": [
            "{days} dias | {hours} horas | {minutes} minutos | {seconds} segundos"
        ],
        "Memorystamp": [
            "{used} MB em uso | {free} MB livres | {total} MB totais"
        ],
        "Ping": [
            "🏓 Pong!\n\n──── Informações de Runtime ────\n\n⚙️ JANDIRA-BOT🥰\n\n🐌 Velocidade de Leitura → '{readTime}'\n\n⚡ Velocidade de Execução → '{execTime}'\n\n⌛ Online faz → '{processUptime}"
        ],
        "Pingdev": [
            "──── Informações Extras [Mensagem] ────\n\n📊 Mensagens após inicio → '{messagesReceived}'\n\n👤 Mensagens em grupo → '{groupSize}'\n\n👥 Mensagens no PV → '{privateSize}'\n\n📈 Total de grupos → '{groupLeng}'\n\n✉️ Mensagens [incluindo eu] → '{overallSize}'\n\n💬 Mensagens minhas → '{botSize}'\n\n──── Informações Extras [{botName}] ────\n\n🦓 ID → '{phoneInfo.id}'\n\n💬 Name → '{phoneInfo.pushname}'\n\n📲 Tipo de conexão → '{phoneInfo.type}'\n\n👌 Status → '{phoneInfo.status}'\n\n📷 Colocado em → '{phoneInfo.statusWhen}'\n\n🤑 Tipo de user → '{phoneInfo.server}'\n\n🏡 Número → '{phoneInfo.number}'\n\n🍪 Aparelho → '{phoneInfo.phone}'\n\n──── Informações Extras [Sessão/PC] ────\n\n📅 Tempo de inicialização → '{sessionInfo.launchSeconds}' segundos\n\n💻​ PC ligado faz → '{computerInfo.uptime.overall}'\n\n🪀 Versão WhatsApp → '{sessionInfo.WA_VERSION}'\n\n🔙 Iniciado as → '{sessionInfo.startedAt}'"
        ],
        "Pingsecret": [
            "Ta querendo saber d mais manin, poxa lek"
        ],
        "Menu": [
            "E aí delícia, só não flooda os comandos pfvr, tmj"
        ],
        "Nasa": [
            "📰 Título - {title}\n\n👤 Autor - {author}\n\n📅 Dia - {date}\n\n✏️ Explicação - {explanation}\n\n🌐 URL - {url}\n\n🎬 Tipo de URL - {type}\n\n🌠 Imagem/Thumb - {thumb}\n\n💻 Informações de DEBUG:\n\n🚀 Versão - {version}\n\n⏳ Quantidade de usos restantes - {usage}/{maxUsage}\n\n❌ Erros - {errors}\n\n🔢 Código - #{code} [{codeText}]\n\n❓ Explicação - {why}"
        ]
    },
    "ar": {
        "User": [
            "📚 _مرحبًا بك في قائمة النظام_ *'{name}'*\n\n🔎 _هذا النظام مسؤول عن:_ *'{description}'*\n\n❗ _يتم استخدام هذا بشكل عام من قبل:_ *'{usage.general}'*\n\n➖ _بعض الأمثلة_ *[بما في ذلك للمطورين]*_:_\n{usage.examples}\n❓ _Alias:_\n{alias}\n\n👀 _إضافي:_\n{helps}"
        ],
        "Developer": [
            "📚 _مرحبًا بك في قائمة مساعدة النظام_ *'{name}'*\n\n🔎 _هذا النظام مسؤول عن:_ *'{description}'*\n\n❗ _يتم استخدام هذا بشكل عام من قبل:_ *'{usage.general}'*\n\n➖ _بعض الأمثلة_ *[بما في ذلك للمطورين]*_:_\n{usage.examples}\n❓ _Alias:_\n{alias}――――――――――――――――――――――\n➕ *تفاصيل أخرى [للمطورين]* ➕\n――――――――――――――――――――――\n\n🎓 _صمم بواسطة:_ *'{developer}'*\n\n📜 _تحت الترخيص:_ *'{license}'*\n\n👀 _نصائح:_\n{helps}\n↻ _تصدير:_ {exports}\n\n🔧 _الوحدات:_ {modules}\n\n📁 _الملفات:_ {files}\n\n⚙️ _الإعدادات:_ {settings}\n\n✏️ _المعلمات:_ {parameters}\n\n🗳️ _النتائج:_ {results}"
        ],
        "Restrict": [
            "عذرا,لكن هذا الامر فقط للمشرفين"
        ],
        "Timestamp": [
            "{days} أيام | {hours} ساعات | {minutes} دقائق | {seconds} ثواني"
        ],
        "Memorystamp": [
            "{used} ميجابايت قيد الاستخدام | {free} ميجابايت متاحة | {total} ميجابايت إجمالية"
        ],
        "Ping": [
            "🏓 Pong!\n\n──── معلومات التشغيل ────\n\n⚙️ {botName} V{version} (BUILD: {build} / {buildname})\n\n🐌 سرعة القراءة → '{readTime}'\n\n⚡ سرعة التنفيذ → '{execTime}'\n\n⌛ على الإنترنت منذ → '{processUptime}"
        ],
        "Pingdev": [
            "──── معلومات إضافية [رسائل] ────\n\n📊 الرسائل بعد البدء → '{messagesReceived}'\n\n👤 الرسائل في المجموعة → '{groupSize}'\n\n👥 الرسائل في الرسائل الفورية → '{privateSize}'\n\n📈 إجمالي المجموعات → '{groupLeng}'\n\n✉️ الرسائل [بما في ذلك أنا] → '{overallSize}'\n\n💬 رسائلي → '{botSize}'\n\n──── معلومات إضافية [{botName}] ────\n\n🦓 الرقم التعريفي → '{phoneInfo.id}'\n\n💬 الاسم → '{phoneInfo.pushname}'\n\n📲 نوع الاتصال → '{phoneInfo.type}'\n\n👌 الحالة → '{phoneInfo.status}'\n\n📷 وضعه في → '{phoneInfo.statusWhen}'\n\n🤑 نوع المستخدم → '{phoneInfo.server}'\n\n🏡 الرقم → '{phoneInfo.number}'\n\n🍪 الجهاز → '{phoneInfo.phone}'\n\n──── معلومات إضافية [جلسة/الكمبيوتر] ────\n\n📅 وقت التشغيل → '{sessionInfo.launchSeconds}' ثانية\n\n💻​ الكمبيوتر قيد التشغيل منذ → '{computerInfo.uptime.overall}'\n\n🪀 إصدار واتساب → '{sessionInfo.WA_VERSION}'\n\n🔙 بدأ في → '{sessionInfo.startedAt}'"
        ],
        "Pingsecret": [
            "──── معلومات سرية [الكمبيوتر] ────\n\n🌡️ وحدة المعالجة المركزية → '{computerInfo.cpu}'\n\n IPV6 → '{process.features.ipv6}'\n\n🔒 TLS → '{process.features.tls}'\n\n💎 عدد الوحدات المعالجة المركزية → '{computerInfo.cores}' النوى\n\n🍃 السرعة → '{computerInfo.speed}' ميجاهرتز\n\n🖥️ نظام التشغيل → '{computerInfo.so}'\n\n🛍️ إصدار النظام → '{computerInfo.version}'\n\n⚙️ البنية → '{computerInfo.arch}'\n\n🏄 المنصة → '{computerInfo.platform}'\n\n🤖 النواة → '{computerInfo.kernel}'\n\n💾 الرام → '{memoryInfo.overall}\n\n👑 اسم المستخدم → '{computerInfo.username}' ['{userName}']\n\n🏠 المجلد الرئيسي → '{computerInfo.home}'\n\n👪 GID → '{computerInfo.groupId}'\n\n👤 UID → '{computerInfo.userId}'\n\n🐚 الشل → '{computerInfo.shell}'\n\n❓ اسم المضيف → '{computerInfo.hostname}'\n\n😲 الطرفية → '{computerInfo.endianness}'\n\n──── معلومات سرية [Node.js] ────\n\n🥑 Node.js → '{process.version}'\n\n📎 مسار Node.js → '{process.execPath}'\n\n⛓️ Argv لـ Node.js →\n{process.argv}\n\n📄 عنوان Node.js → '{process.title}'\n\n🆔 معرف العملية → '{process.pid}'\n\n👶 معرف العملية الفرعية → '{process.ppid}'\n\n👍 استهلاك الذاكرة [العقد فقط] → '{memoryInfo.node.overall}'\n\n📁 بنية Node.js → '{process.arch}'\n\n🖥️ منصة Node.js → '{process.platform}'\n\n🔎 إصدار Node.js → '{process.release.name} {process.release.lts}'\n\n🌐 عنوان مصدر Node.js الحالي → '{process.release.sourceUrl}'\n\n👒 عنوان رأس Node.js → '{process.release.headersUrl}'\n\n🦶 عنوان Lib Node.js → '{process.release.libUrl}'\n\n🕵️ المفتش → '{process.features.inspector}'\n\n🔢 تصحيح → '{process.features.debug}'\n\n🤖 Async UV I/O → '{process.features.uv}'\n\n──── معلومات نظام التشغيل [الوحدات/Node] ────\n{process.versions}\n\n──── معلومات نظام التشغيل [الكمبيوتر/البيئة] ────\n{process.env}"
        ],
        "Menu": [
            "🚀 _مرحبًا بك في قائمة الأوامر:_ *#search*_!_ 🚀\n\n✨ _هنا ستجد جميع الأوامر المتاحة لاستكشافها والاستفادة منها._\n\n⚠️ _بعض الأوامر قد لا تظهر في القائمة لأنها تم إنشاؤها بالتزامن مع الأوامر الأخرى، ولكن يمكنك الحصول عليها باستخدام الطريقة هذه._\n\n🔍 _إذا كنت تشعر بالضياع ولا تعرف كيفية استخدام أمر معين، ما عليك سوى إضافة_ *'--help'* _إلى الأمر. على سبيل المثال، للحصول على مساعدة في أمر_ *'/S'*_، اكتب_ *'/S --help'*_، سيقدم هذا الوسيلة أيضًا وسيلة لاستخدام الأمر، بالإضافة إلى أوامر 'خفية' في نفس الملف."
        ],
        "Nasa": [
            "📰 العنوان - {title}\n\n👤 المؤلف - {author}\n\n📅 اليوم - {date}\n\n✏️ التفسير - {explanation}\n\n🌐 عنوان URL - {url}\n\n🎬 نوع الURL - {type}\n\n🌠 صورة/Thumb - {thumb}\n\n💻 معلومات DEBUG:\n\n🚀 الإصدار - {version}\n\n⏳ عدد الاستخدامات المتبقية - {usage}/{maxUsage}\n\n❌ أخطاء - {errors}\n\n🔢 الكود - #{code} [{codeText}]\n\n❓ التفسير - {why}"
        ]
    },
    "jp": {
        "User": [
            "📚 _システム ヘルプ メニューへようこそ_ *'{name}'*\n\n🔎 _このシステムの責任:_ *'{description}'*\n\n❗ _O 一般的な使用これの作成者:_ *'{usage.general}'*\n\n➖ _いくつかの例_ *[DEV 用のものを含む]*_:_\n{usage.examples}\n❓ _エイリアス:_\n{alias}\n\n👀 _+:_\n{helps}"
        ],
        "Developer": [
            "📚 _システム ヘルプ メニューへようこそ_ *'{name}'*\n\n🔎 _このシステムの責任:_ *'{description}'*\n\n❗ _O 一般的な使用これの作成者:_ *'{usage.general}'*\n\n➖ _いくつかの例_ *[DEV 用のものを含む]*_:_\n{usage.examples}\n❓ _エイリアス:_\n{alias}――――――――――――――――――――――\n➕ *その他の詳細 [DEVs]* ➕\n―――――――――――――――――――――――――\n\n🎓 _Made By:_ *'{developer}'*\n\n📜 _ライセンス:_ *'{license}'*\n\n👀 _ヒント:_\n{helps}\n↻ _エクスポート:_ {exports}\n\n🔧 _モジュール:_ {modules}\n\n📁 _ファイル:_ {files}\n\n⚙️ _設定:_ {settings}\n\n✏️ _パラメーター:_ {parameters}\n\n🗳️ _結果:_ {results}"
        ],
        "Restrict": [
            "このコマンドは、管理者、グループ所有者、私の上司、またはモデレーターのみに制限されています。いつか、これらのリストの 1 つに入るかもしれません。"
        ],
        "Timestamp": [
            "{days} 日 | {hours} 時間 | {minutes} 分 | {seconds} 秒"
        ],
        "Memorystamp": [
            "{used} MB 使用中 | {free} MB フリー | {total} MB 合計"
        ],
        "Ping": [
            "🏓 Pong!\n\n──── ランタイム情報 ────\n\n⚙️ {botName} V{version} (BUILD: {build} / {buildname})\n\n🐌 読み取り速度 → '{readTime}'\n\n⚡ 実行速度 → '{execTime}'\n\n⌛ オンライン時間 → '{processUptime}"
        ],
        "Menu": [
            "🚀 _コマンドリストへようこそ:_ *#search*_!_ 🚀\n\n✨ _ここでは、システムを最大限に活用するための利用可能なすべてのコマンドが見つかります。_\n\n⚠️ _一部のコマンドは他のコマンドと一緒に作成されているため、リストには表示されませんが、以下のヒントを使用して取得できます。_\n\n🔍 _少し迷って特定のコマンドの使い方が分からない場合は、コマンドに_ *'--help'* _を追加するだけです。例えば、コマンド_ *'/S'*_ のヘルプを取得するには、_ *'/S --help'*_ と入力します。この方法は、コマンドの他の使用方法、同じファイル内の「隠れた」コマンドも提供します。_"
        ],
        "Nasa": [
            "📰 タイトル - {title}\n\n👤 著者 - {author}\n\n📅 日 - {date}\n\n✏️ 説明 - {explanation}\n\n🌐 URL - {url}\n\n🎬 URLのタイプ - {type}\n\n🌠 画像/サムネイル - {thumb}\n\n💻 デバッグ情報:\n\n🚀 バージョン - {version}\n\n⏳ 残りの使用回数 - {usage}/{maxUsage}\n\n❌ エラー - {errors}\n\n🔢 コード - #{code} [{codeText}]\n\n❓ 説明 - {why}"
        ],
        "Pingdev": [
            "──── 追加情報 [メッセージ] ────\n\n📊 開始後のメッセージ → '{messagesReceived}'\n\n👤 グループメッセージ → '{groupSize}'\n\n👥 プライベートメッセージ → '{privateSize}'\n\n📈 グループの総数 → '{groupLeng}'\n\n✉️ 自分を含むメッセージ → '{overallSize}'\n\n💬 自分のメッセージ → '{botSize}'\n\n──── 追加情報 [{botName}] ────\n\n🦓 ID → '{phoneInfo.id}'\n\n💬 名前 → '{phoneInfo.pushname}'\n\n📲 接続タイプ → '{phoneInfo.type}'\n\n👌 ステータス → '{phoneInfo.status}'\n\n📷 状態 → '{phoneInfo.statusWhen}'\n\n🤑 ユーザータイプ → '{phoneInfo.server}'\n\n🏡 番号 → '{phoneInfo.number}'\n\n🍪 デバイス → '{phoneInfo.phone}'\n\n──── 追加情報 [セッション/PC] ────\n\n📅 起動時間 → '{sessionInfo.launchSeconds}' 秒\n\n💻​ PCの起動時間 → '{computerInfo.uptime.overall}'\n\n🪀 WhatsAppのバージョン → '{sessionInfo.WA_VERSION}'\n\n🔙 開始日時 → '{sessionInfo.startedAt}'"
        ],
        "Pingsecret": [
            "────  秘密情報 [PC] ────\n\n🌡️ CPU → '{computerInfo.cpu}'\n\n IPV6 → '{process.features.ipv6}'\n\n🔒 TLS → '{process.features.tls}'\n\n💎 CPUの数 → '{computerInfo.cores}' コア\n\n🍃 速度 → '{computerInfo.speed}' MHz\n\n🖥️ OS情報 → '{computerInfo.so}'\n\n🛍️ OSバージョン → '{computerInfo.version}'\n\n⚙️ アーキテクチャ → '{computerInfo.arch}'\n\n🏄 プラットフォーム → '{computerInfo.platform}'\n\n🤖 カーネル → '{computerInfo.kernel}'\n\n💾 RAM → '{memoryInfo.overall}\n\n👑 ユーザー名 → '{computerInfo.username}' ['{userName}']\n\n🏠 ホームディレクトリ → '{computerInfo.home}'\n\n👪 GID → '{computerInfo.groupId}'\n\n👤 UID → '{computerInfo.userId}'\n\n🐚 シェル → '{computerInfo.shell}'\n\n❓ ホスト名 → '{computerInfo.hostname}'\n\n😲 エンディアン → '{computerInfo.endianness}'\n\n────  秘密情報 [Node.js] ────\n\n🥑 Node.js → '{process.version}'\n\n📎 Node.jsのパス → '{process.execPath}'\n\n⛓️ Node.jsのコマンドライン引数 →\n\n{process.argv}\n\n📄 Node.jsのタイトル → '{process.title}'\n\n🆔 プロセスID → '{process.pid}'\n\n👶 親プロセスID → '{process.ppid}'\n\n👍 メモリ使用量 [Nodeのみ] → '{memoryInfo.node.overall}'\n\n📁 Node.jsのアーキテクチャ → '{process.arch}'\n\n 🖥️ Node.jsのプラットフォーム → '{process.platform}'\n\n🔎 Node.jsのリリース情報 → '{process.release.name} {process.release.lts}'\n\n🌐 現在のNode.jsのURL → '{process.release.sourceUrl}'\n\n👒 Node.jsのヘッダーURL → '{process.release.headersUrl}'\n\n🦶 Node.jsのライブラリURL → '{process.release.libUrl}'\n\n🕵️ インスペクタ → '{process.features.inspector}'\n\n🔢 デバッグ → '{process.features.debug}'\n\n🤖 非同期UV I/O → '{process.features.uv}'\n────  OS情報 [モジュール/Node] ────\n{process.versions}\n────  OS情報 [PC/Env] ────\n{process.env}"
        ]
    },
    "en": {
        "User": [
            "📚 _Welcome to the system help menu_ *'{name}'*\n\n🔎 _This system is responsible for:_ *'{description}'*\n\n❗ _O general use of this is made by:_ *'{usage.general}'*\n\n➖ _Some examples_ *[Including those for DEVs]*_:_\n{usage.examples}\n❓ _Alias:_\n{alias}\n\n👀 _Extra:_\n{helps}"
        ],
        "Developer": [
            "📚 _Welcome to the system help menu_ *'{name}'*\n\n🔎 _This system is responsible for:_ *'{description}'*\n\n❗ _O general use of this is made by:_ *'{usage.general}'*\n\n➖ _Some examples_ *[Including those for DEVs]*_:_\n{usage.examples}\n❓ _Alias:_\n{alias}―――――――――――――――――――――――\n➕ *Other Details [DEVs]* ➕\n―――――――――――――――――――――――\n\n🎓 _Made By:_ *'{developer}'*\n\n📜 _Under License:_ *'{license}'*\n\n👀 _Tips:_\n{helps}\n↻ _Exports:_ {exports}\n\n🔧 _Modules:_ {modules}\n\n📁 _Files:_ {files}\n\n⚙️ _Settings:_ {settings}\n\n✏️ _Parameters:_ {parameters}\n\n🗳️ _Results:_ {results}"
        ],
        "Restrict": [
            "This command is restricted to only admins, group owner, my boss or moderators, maybe one day you'll get on one of those lists."
        ],
        "Timestamp": [
            "{days} days | {hours} hours | {minutes} minutes | {seconds} seconds"
        ],
        "Memorystamp": [
            "{used} MB in use | {free} MB free | {total} MB total"
        ],
        "Ping": [
            "🏓 Pong!\n\n──── Runtime Information ────\n\n⚙️ {botName} V{version} (BUILD: {build} / {buildname})\n\n🐌 Speed of Reading → '{readTime}'\n\n⚡ Execution Speed → '{execTime}'\n\n⌛ Online time → '{processUptime}"
        ],
        "Menu": [
            "🚀 _Welcome to the command list:_ *#search*_!_ 🚀\n\n✨ _Here you will find all the available commands to explore and make the most of the system._\n\n⚠️ _Some commands are not available in the list as they were created in conjunction with others, but you can get them with the tip below._\n\n🔍 _If you're a bit lost and don't know how to use a specific command, just add_ *'--help'* _to the command. For example, to get help with the command_ *'/S'*_, type_ *'/S --help'*_. This method will also provide other ways to use the command, as well as 'hidden' commands in the same file._"
        ],
        "Nasa": [
            "📰 Title - {title}\n\n👤 Author - {author}\n\n📅 Date - {date}\n\n✏️ Explanation - {explanation}\n\n🌐 URL - {url}\n\n🎬 URL Type - {type}\n\n🌠 Image/Thumb - {thumb}\n\n💻 DEBUG Information:\n\n🚀 Version - {version}\n\n⏳ Remaining Usage - {usage}/{maxUsage}\n\n❌ Errors - {errors}\n\n🔢 Code - #{code} [{codeText}]\n\n❓ Explanation - {why}"
        ],
        "Pingdev": [
            "──── Extra Information [Message] ────\n\n📊 Messages after start → '{messagesReceived}'\n\n👤 Group messages → '{groupSize}'\n\n👥 Messages in PV → '{privateSize}'\n\n📈 Total groups → '{groupLeng}'\n\n✉️ Messages [including me] → '{overallSize}'\n\n💬 Messages from me → '{botSize}'\n\n──── Extra Information [{botName}] ────\n\n🦓 ID → '{phoneInfo.id}'\n\n💬 Name → '{phoneInfo.pushname}'\n\n 📲 Connection type → '{phoneInfo.type}'\n\n👌 Status → '{phoneInfo.status}'\n\n📷 Placed in → '{phoneInfo.statusWhen}'\n\n🤑 User type → '{phoneInfo.server}'\n\n🏡 Number → '{phoneInfo.number}'\n\n🍪 Device → '{phoneInfo.phone}'\n\n──── Extra Information [Session/PC] ────\n\n📅 Boot time → '{sessionInfo.launchSeconds}' seconds\n\n💻​ PC on does → '{computerInfo.uptime.overall}'\n\n🪀 WhatsApp version → '{sessionInfo.WA_VERSION}'\n\n🔙 Started at → '{sessionInfo.startedAt}'"
        ],
        "Pingsecret": [
            "──── Secret Information [PC] ────\n\n🌡️ CPU → '{computerInfo.cpu}'\n\n IPV6 → '{process.features.ipv6}'\n\n🔒 TLS → '{process.features.tls}'\n\n💎 Number of CPUs → '{computerInfo.cores}' Cores\n\n🍃 Speed → '{computerInfo.speed}' MHz\n\n🖥️ Operating System → '{computerInfo.so}'\n\n🛍️ OS Version → '{computerInfo.version}'\n\n⚙️ Architecture → '{computerInfo.arch}'\n\n🏄 Platform → '{computerInfo.platform}'\n\n🤖 Kernel → '{computerInfo.kernel}'\n\n💾 RAM → '{memoryInfo.overall}\n\n👑 Username → '{computerInfo.username}' ['{userName}']\n\n🏠 Home → '{computerInfo.home}'\n\n👪 GID → '{computerInfo.groupId}'\n\n👤 UID → '{computerInfo.userId}'\n\n🐚 Shell → '{computerInfo.shell}'\n\n❓ Hostname → '{computerInfo.hostname}'\n\n😲 Edge → '{computerInfo.endianness}'\n\n──── Secret Information [Node.js] ── ──\n\n🥑 Node.js → '{process.version}'\n\n📎 Node.js Location → '{process.execPath}'\n\n⛓️ Node.js Argv →\n{process.argv}\n\n📄 Node.js title → '{process.title}'\n\n🆔 Process ID → '{process.pid}'\n\n👶 Sub-process ID → '{process.ppid}'\n\n👍 Memory consumption [Node Only] → '{memoryInfo.node.overall}'\n\n📁 Node.js architecture → '{process.arch}'\n\n 🖥️ Node.js Platform → '{process.platform}'\n\n🔎 Node.js Release → '{process.release.name} {process.release.lts}'\n\n🌐 Node URL. current js → '{process.release.sourceUrl}'\n\n👒 Node.js Header URL → '{process.release.headersUrl}'\n\n🦶 Node.js Lib URL → '{process .release.libUrl}'\n\n🕵️ Inspector → '{process.features.inspector}'\n\n🔢 Debug → '{process.features.debug}'\n\n🤖 Async UV I/O → '{process.features.uv}'\n\n──── OS Information [Modules/Node] ────\n{process.versions}\n\n──── OS Information [PC/Env] ────\n{process.env}"
        ]
    },
    "fr": {
        "User": [
            "📚 _Bienvenue dans le menu d'aide du système_ *'{name}'*\n\n🔎 _Ce système est responsable de:_ *'{description}'*\n\n❗ _O utilisation générale de ceci est fait par:_ *'{usage.general}'*\n\n➖ _Quelques exemples_ *[Y compris ceux pour les DEV]*_:_\n{usage.examples}\n❓ _Alias:_\n{alias}\n\n👀 _Extra:_\n{helps}"
        ],
        "Developer": [
            "📚 _Bienvenue dans le menu d'aide du système_ *'{name}'*\n\n🔎 _Ce système est responsable de:_ *'{description}'*\n\n❗ _O utilisation générale de cela est fait par:_ *'{usage.general}'*\n\n➖ _Quelques exemples_ *[Y compris ceux pour les DEV]*_:_\n{usage.examples}\n❓ _Alias:_\n{alias}―――――――――――――――――――――――\n➕ *Autres détails [DEV]* ➕\n―――――――――――――――――――――――\n\n🎓 _Fabriqué par:_ *'{developer}'*\n\n📜 _Sous licence:_ *'{license}'*\n\n👀 _Conseils:_\n{helps}\n↻ _Exportations:_ {exports}\n\n🔧 _Modules:_ {modules}\n\n📁 _Fichiers :_ {files}\n\n⚙️ _Paramètres:_ {settings}\n\n✏️ _Additional:_ {parameters}\n\n🗳️ _Résultats:_ {results}"
        ],
        "Restrict": [
            "Cette commande est réservée aux seuls administrateurs, propriétaires de groupe, mon patron ou modérateurs, peut-être qu'un jour vous serez sur l'une de ces listes."
        ],
        "Timestamp": [
            "{days} jours | {hours} heures | {minutes} minutes | {seconds} secondes"
        ],
        "Memorystamp": [
            "{used} MB utilisé | {free} MB libre | {total} MB total"
        ],
        "Ping": [
            "🏓 Pong !\n\n──── Informations d'exécution ────\n\n⚙️ {botName} V{version} (Build: {build} / {buildname})\n\n🐌 Vitesse de lecture → '{readTime}'\n\n⚡ Vitesse d'exécution → '{execTime}'\n\n⌛ Temps en ligne → '{processUptime}"
        ],
        "Menu": [
            "🚀 _Bienvenue dans la liste des commandes:_ *#search*_!_ 🚀\n\n✨ _Ici, vous trouverez toutes les commandes disponibles pour explorer et tirer le meilleur parti du système._\n\n⚠️ _Certaines commandes ne sont pas disponibles dans la liste car elles ont été créées en conjonction avec d'autres, mais vous pouvez les obtenir avec le conseil ci-dessous._\n\n🔍 _Si vous êtes un peu perdu et que vous ne savez pas comment utiliser une commande spécifique, ajoutez simplement_ *'--help'* _à la commande. Par exemple, pour obtenir de l'aide avec la commande_ *'/S'*_, tapez_ *'/S --help'*_. Cette méthode fournira également d'autres façons d'utiliser la commande, ainsi que des commandes 'cachées' dans le même fichier._"
        ],
        "Nasa": [
            "📰 Titre - {title}\n\n👤 Auteur - {author}\n\n📅 Date - {date}\n\n✏️ Explication - {explanation}\n\n🌐 URL - {url}\n\n🎬 Type d'URL - {type}\n\n🌠 Image/Miniature - {thumb}\n\n💻 Informations de DÉBOGAGE :\n\n🚀 Version - {version}\n\n⏳ Utilisation restante - {usage}/{maxUsage}\n\n❌ Erreurs - {errors}\n\n🔢 Code - #{code} [{codeText}]\n\n❓ Explication - {why}"
        ],
        "Pingdev": [
            "──── Informations supplémentaires [Message] ────\n\n📊 Messages après le démarrage → '{messagesReceived}'\n\n👤 Messages de groupe → '{groupSize}'\n\n👥 Messages en privé → '{privateSize}'\n\n📈 Total de groupes → '{groupLeng}'\n\n✉️ Messages [y compris moi] → '{overallSize}'\n\n💬 Mes messages → '{botSize}'\n\n \n\n──── Informations supplémentaires [{botName}] ────\n\n🦓 ID → '{phoneInfo.id}'\n\n💬 Nom → '{phoneInfo.pushname}'\n\n📲 Type de connexion → '{phoneInfo.type}'\n\n👌 Statut → '{phoneInfo.status}'\n\n📷 Placé à → '{phoneInfo.statusWhen}'\n\n🤑 Type d'utilisateur → '{phoneInfo.server}'\n\n🏡 Numéro → '{phoneInfo.number}'\n\n🍪 Appareil → '{phoneInfo.phone}'\n\n──── Informations supplémentaires [Session/PC] ────\n\n📅 Temps de démarrage → '{sessionInfo.launchSeconds}' secondes\n\n💻 PC allumé depuis → '{computerInfo.uptime.overall}'\n\n🪀 Version WhatsApp → '{sessionInfo.WA_VERSION}'\n\n🔙 Démarré à → '{sessionInfo.startedAt}'"
        ],
        "Pingsecret": [
            "──── Informations secrètes [PC] ────\n\n🌡️ CPU → '{computerInfo.cpu}'\n\n IPV6 → '{process.features.ipv6}'\n\n🔒 TLS → '{process.features.tls}'\n\n💎 Nombre de CPU → '{computerInfo.cores}' Cœurs\n\n🍃 Vitesse → '{computerInfo.speed}' MHz\n\n🖥️ Système d'exploitation → '{computerInfo.so}'\n\n🛍️ Version du SE → '{computerInfo.version}'\n\n⚙️ Architecture → '{computerInfo.arch}'\n\n🏄 Plateforme → '{computerInfo.platform}'\n\n🤖 Noyau → '{computerInfo.kernel}'\n\n💾 RAM → '{memoryInfo.overall}\n\n👑 Nom d'utilisateur → '{computerInfo.username}' ['{userName}']\n\n🏠 Accueil → '{computerInfo.home}'\n\n👪 GID → '{computerInfo.groupId}'\n\n👤 UID → '{computerInfo.userId}'\n\n🐚 Shell → '{computerInfo.shell}'\n\n❓ Nom d'hôte → '{computerInfo.hostname}'\n\n😲 Bout → '{computerInfo.endianness}'\n\n──── Informations secrètes [Node.js] ────\n\n🥑 Node.js → '{process.version}'\n\n📎 Emplacement de Node.js → '{process.execPath}'\n\n⛓️ Node.js Argv →\n\n{process.argv}\n\n📄 Titre de Node.js → '{process.title}'\n\n🆔 ID du processus → '{process.pid}'\n\n👶 ID du processus parent → '{process.ppid}'\n\n👍 Utilisation de la mémoire [Node uniquement] → '{memoryInfo.node.overall}'\n\n📁 Architecture de Node.js → '{process.arch}'\n\n 🖥️ Plateforme de Node.js → '{process.platform}'\n\n🔎 Version de Node.js → '{process.release.name} {process.release.lts}'\n\n🌐 URL actuelle de Node.js → '{process.release.sourceUrl}'\n\n👒 URL d'en-tête de Node.js → '{process.release.headersUrl}'\n\n🦶 URL de la bibliothèque de Node.js → '{process.release.libUrl}'\n\n🕵️ Inspecteur → '{process.features.inspector}'\n\n🔢 Débogage → '{process.features.debug}'\n\n🤖 E/S UV asynchrone → '{process.features.uv}'\n──── Informations sur le SE [Modules/Node] ────\n{process.versions}\n──── Informations sur le SE [PC/Env] ────\n{process.env}"
        ]
    },
    "es": {
        "User": [
            "📚 _Bienvenido al menú de ayuda del sistema_ *'{name}'*\n\n🔎 _Este sistema es responsable de:_ *'{description}'*\n\n❗ _O uso general de esto está hecho por:_ *'{usage.general}'*\n\n➖ _Algunos ejemplos_ *[Incluyendo aquellos para DEV]*_:_\n{usage.examples}\n❓ _Alias:_\n{alias}\n\n👀 _Extra:_\n{helps}"
        ],
        "Developer": [
            "📚 _Bienvenido al menú de ayuda del sistema_ *'{name}'*\n\n🔎 _Este sistema es responsable de:_ *'{description}'*\n\n❗ _O uso general de esto está hecho por:_ *'{usage.general}'*\n\n➖ _Algunos ejemplos_ *[Incluyendo aquellos para DEV]*_:_\n{usage.examples}\n❓ _Alias:_\n{alias}\n\n――――――――――――――――――――――――\n➕ *Otros detalles [DEV]* ➕\n―――――――――――――――――――――――\n\n🎓 _Hecho por:_ *'{developer}'*\n\n📜 _Bajo licencia:_ *'{license}'*\n\n👀 _Consejos:_\n{helps}\n↻ _Exportaciones:_ {exports}\n\n🔧 _Módulos:_ {modules}\n\n📁 _Archivos:_ {files}\n\n⚙️ _Configuración:_ {settings}\n\n✏️ _Adicional:_ {parameters}\n\n🗳️ _Resultados:_ {results}"
        ],
        "Restrict": [
            "Este comando está restringido solo a los administradores, al propietario del grupo, a mi jefe o a los moderadores, tal vez algún día aparezcas en una de esas listas."
        ],
        "Timestamp": [
            "{days} días | {hours} horas | {minutes} minutos | {seconds} segundos"
        ],
        "Memorystamp": [
            "{used} MB en uso | {free} MB libres | {total} MB totales"
        ],
        "Ping": [
            "🏓 Pong!\n\n──── Información de tiempo de ejecución ────\n\n⚙️ {botName} V{version} (BUILD: {build} / {buildname})\n\n🐌 Velocidad de lectura → '{readTime}'\n\n⚡ Velocidad de ejecución → '{execTime}'\n\n⌛ Tiempo en línea → '{processUptime}"
        ],
        "Menu": [
            "🚀 _Bienvenido a la lista de comandos:_ *#search*_!_ 🚀\n\n✨ _Aquí encontrarás todos los comandos disponibles para explorar y aprovechar al máximo el sistema._\n\n⚠️ _Algunos comandos no están disponibles en la lista porque se crearon junto con otros, pero puedes obtenerlos con el consejo a continuación._\n\n🔍 _Si te sientes un poco perdido y no sabes cómo usar un comando específico, simplemente agrega_ *'--help'* _a la orden. Por ejemplo, para obtener ayuda con el comando_ *'/S'*_, escribe_ *'/S --help'*_. Este método también proporcionará otras formas de usar el comando, así como comandos 'ocultos' en el mismo archivo._"
        ],
        "Nasa": [
            "📰 Título - {title}\n\n👤 Autor - {author}\n\n📅 Fecha - {date}\n\n✏️ Explicación - {explanation}\n\n🌐 URL - {url}\n\n🎬 Tipo de URL - {type}\n\n🌠 Imagen/Miniatura - {thumb}\n\n💻 Información de DEPURACIÓN:\n\n🚀 Versión - {version}\n\n⏳ Uso restante - {usage}/{maxUsage}\n\n❌ Errores - {errors}\n\n🔢 Código - #{code} [{codeText}]\n\n❓ Explicación - {why}"
        ],
        "Pingdev": [
            "──── Información adicional [Mensaje] ────\n\n📊 Mensajes después del inicio → '{messagesReceived}'\n\n👤 Mensajes grupales → '{groupSize}'\n\n👥 Mensajes en PV → '{privateSize}'\n\n📈 Total de grupos → '{groupLeng}'\n\n✉️ Mensajes [incluyéndome] → '{overallSize}'\n\n💬 Mensajes míos → '{botSize}'\n\n \n\n──── Información adicional [{botName}] ────\n\n🦓 ID → '{phoneInfo.id}'\n\n💬 Nombre → '{phoneInfo.pushname}'\n\n📲 Tipo de conexión → '{phoneInfo.type}'\n\n👌 Estado → '{phoneInfo.status}'\n\n📷 Colocado en → '{phoneInfo.statusWhen}'\n\n🤑 Tipo de usuario → '{phoneInfo.server}'\n\n🏡 Número → '{phoneInfo.number}'\n\n🍪 Dispositivo → '{phoneInfo.phone}'\n\n──── Información adicional [Sesión/PC] ─── ─\n\n📅 Tiempo de arranque → '{sessionInfo.launchSeconds}' segundos\n\n💻​ PC encendida → '{computerInfo.uptime.overall}'\n\n🪀 Versión de WhatsApp → '{sessionInfo.WA_VERSION}'\n\n🔙 Comenzó en → '{sessionInfo.startedAt}'"
        ],
        "Pingsecret": [
            "──── Información secreta [PC] ────\n\n🌡️ CPU → '{computerInfo.cpu}'\n\n IPV6 → '{process.features.ipv6}'\n\n🔒 TLS → '{process.features.tls}'\n\n💎 Número de CPU → '{computerInfo.cores}' Núcleos\n\n🍃 Velocidad → '{computerInfo.speed}' MHz\n\n🖥️ En Sistema → '{computerInfo.so}'\n\n🛍️ Versión del OS → '{computerInfo.version}'\n\n⚙️ Arquitectura → '{computerInfo.arch}'\n\n🏄 Plataforma → '{computerInfo.platform}'\n\n🤖 Kernel → '{computerInfo.kernel}'\n\n💾 RAM → '{memoryInfo.overall}\n\n👑 Nombre de usuario → '{computerInfo.username}' ['{userName}'] \n\n🏠 Inicio → '{computerInfo.home}'\n\n👪 GID → '{computerInfo.groupId}'\n\n👤 UID → '{computerInfo.userId}'\n\n🐚 Shell → '{computerInfo.shell}'\n\n❓ Nombre de host → '{computerInfo.hostname}'\n\n😲 Edge → '{computerInfo.endianness}'\n\n──── Información secreta [Node.js] ────\n\n🥑 Node.js → '{process.version}'\n\n📎 Ubicación de Node.js → '{process.execPath}'\n\n⛓️ Node.js Argv →\n\n{process.argv}\n\n📄 Título de Node.js → '{process.title}'\n\n🆔 ID de proceso → '{process.pid}'\n\n👶 ID de subproceso → '{process.ppid}'\n\n👍 Consumo de memoria [Solo nodo] → '{memoryInfo.node.overall}'\n\n📁 Arquitectura de Node.js → '{process.arch}'\n\n 🖥️ Plataforma Node.js → '{process.platform}'\n\n🔎 Versión de Node.js → '{process.release.name} {process.release.lts}'\n\n🌐 URL del nodo.js actual → '{process.release.sourceUrl}'\n\n👒 URL de encabezado de Node.js → '{process.release.headersUrl}'\n\n🦶 URL de biblioteca de Node.js → '{process.release.libUrl}'\n\n🕵️ Inspector → '{process.features.inspector}'\n\n🔢 Depurar → '{process.features.debug}'\n\n🤖 E/S UV asíncrona → '{process.features.uv}'\n\n──── Información del SO [Módulos/Nodo] ────\n{process.versions}\n──── Información del SO [PC/Env] ────\n{process.env}"
        ]
    },
    "id": {
        "User": [
            "📚 _Selamat datang di menu bantuan sistem_ *'{name}'*\n\n🔎 _Sistem ini bertanggung jawab untuk:_ *'{description}'*\n\n❗ _Penggunaan umum ini dilakukan oleh:_ *'{usage.general}'*\n\n➖ _Beberapa contoh_ *[Termasuk untuk DEV]*_:_\n{usage.examples}\n❓ _Alias:_\n{alias}\n\n👀 _Extra:_\n{helps}"
        ],
        "Developer": [
            "📚 _Selamat datang di menu bantuan sistem_ *'{name}'*\n\n🔎 _Sistem ini bertanggung jawab untuk:_ *'{description}'*\n\n❗ _Penggunaan umum ini dilakukan oleh:_ *'{usage.general}'*\n\n➖ _Beberapa contoh_ *[Termasuk untuk DEV]*_:_\n{usage.examples}\n❓ _Alias:_\n{alias}――――――――――――――――――――――――\n➕ *Detail Lainnya [DEV]* ➕\n―――――――――――――――――――――――\n\n🎓 _Dibuat oleh :_ *'{developer}'*\n\n📜 _Di bawah lisensi:_ *'{license}'*\n\n👀 _Kiat:_\n{helps}\n↻ _Ekspor:_ {exports}\n\n🔧 _Modul:_ {modules}\n\n📁 _File:_ {files}\n\n⚙️ _Konfigurasi:_ {settings}\n\n✏️ _Parameter:_ {parameters}\n\n🗳️ _Hasil:_ {results}"
        ],
        "Restrict": [
            "Perintah ini dibatasi hanya untuk admin, pemilik grup, atasan atau moderator saya, mungkin suatu hari Anda akan masuk ke salah satu daftar tersebut."
        ],
        "Timestamp": [
            "{days} hari | {jam} jam | {minutes} menit | {seconds} detik"
        ],
        "Memorystamp": [
            "{used} MB sedang digunakan | {free} MB gratis | {total} MB total"
        ],
        "Ping": [
            "🏓 Pong!\n\n──── Informasi Waktu Proses ────\n\n⚙️ {botName} V{version} (BUILD: {build} / {buildname})\n\n🐌 Kecepatan Membaca → '{readTime}'\n\n⚡ Kecepatan Eksekusi → '{execTime}'\n\n⌛ Waktu online → '{processUptime}"
        ],
        "Menu": [
            "🚀 _Selamat datang di daftar perintah:_ *#search*_!_ 🚀\n\n✨ _Di sini Anda akan menemukan semua perintah yang tersedia untuk menjelajah dan memaksimalkan sistem._\n\n⚠️ _Beberapa perintah tidak tersedia dalam daftar karena mereka dibuat bersama dengan yang lain, tetapi Anda bisa mendapatkannya dengan tips di bawah._\n\n🔍 _Jika Anda sedikit bingung dan tidak tahu cara menggunakan perintah tertentu, cukup tambahkan_ *'--help'* _ke perintah. Misalnya, untuk mendapatkan bantuan dengan perintah_ *'/S'*_, ketik_ *'/S --help'*_. Metode ini juga akan memberikan cara lain untuk menggunakan perintah, serta perintah 'tersembunyi' dalam file yang sama._"
        ],
        "Nasa": [
            "📰 Judul - {title}\n\n👤 Penulis - {author}\n\n📅 Tanggal - {date}\n\n✏️ Penjelasan - {explanation}\n\n🌐 URL - {url}\n\n🎬 Jenis URL - {type}\n\n🌠 Gambar/Thumb - {thumb}\n\n💻 Informasi DEBUG:\n\n🚀 Versi - {version}\n\n⏳ Sisa Penggunaan - {usage}/{maxUsage}\n\n❌ Kesalahan - {errors}\n\n🔢 Kode - #{code} [{codeText}]\n\n❓ Penjelasan - {why}"
        ],
        "Pingdev": [
            "──── Informasi Tambahan [Pesan] ────\n\n📊 Pesan setelah dimulai → '{messagesReceived}'\n\n👤 Pesan grup → '{groupSize}'\n\n👥 Pesan dalam PV → '{privateSize}'\n\n📈 Total grup → '{groupLeng}'\n\n✉️ Pesan [termasuk saya] → '{overallSize}'\n\n💬 Pesan dari saya → '{botSize}'\n\n──── Informasi Tambahan [{botName}] ────\n\n🦓 ID → '{phoneInfo.id}'\n\n💬 Nama → '{phoneInfo.pushname}'\n\n📲 Jenis koneksi → '{phoneInfo.type}'\n\n👌 Status → '{phoneInfo.status}'\n\n📷 Ditempatkan di → '{phoneInfo.statusWhen}'\n\n🤑 Jenis pengguna → '{phoneInfo.server}'\n\n🏡 Nomor → '{phoneInfo.number}'\n\n🍪 Perangkat → '{phoneInfo.phone}'\n\n──── Informasi Tambahan [Sesi/PC] ────\n\n📅 Waktu boot → '{sessionInfo.launchSeconds}' detik\n\n💻​ PC aktif → '{computerInfo.uptime.overall}'\n\n🪀 Versi WhatsApp → '{sessionInfo.WA_VERSION}'\n\n🔙 Dimulai pada → '{sessionInfo.startedAt}'"
        ],
        "Pingsecret": [
            "──── Informasi Rahasia [PC] ────\n\n🌡️ CPU → '{computerInfo.cpu}'\n\n IPV6 → '{process.features.ipv6}'\n\n🔒 TLS → '{process.features.tls}'\n\n💎 Jumlah CPU → '{computerInfo.cores}' Inti\n\n🍃 Kecepatan → '{computerInfo.speed}' MHz\n\n🖥️ Pengoperasian Sistem → '{computerInfo.so}'\n\n🛍️ Versi OS → '{computerInfo.version}'\n\n⚙️ Arsitektur → '{computerInfo.arch}'\n\n🏄 Platform → '{computerInfo.platform}'\n\n🤖 Kernel → '{computerInfo.kernel}'\n\n💾 RAM → '{memoryInfo.overall}\n\n👑 Nama Pengguna → '{computerInfo.username}' ['{userName}']\n\n🏡 Rumah → '{computerInfo.home}'\n\n👪 GID → '{computerInfo.groupId}'\n\n👤 UID → '{computerInfo.userId}'\n\n🐚 Shell → '{computerInfo.shell}'\n\n❓ Nama Hos → '{computerInfo.hostname}'\n\n😲 Edge → '{computerInfo.endianness}'\n\n──── Informasi Rahasia [Node.js] ────\n\n🥑 Node.js → '{process.version}'\n\n📎 Lokasi Node.js → '{process.execPath}'\n\n⛓️ Argv Node.js →\n\n{process.argv}\n\n📄 Title Node.js → '{process.title}'\n\n🆔 ID Proses → '{process.pid}'\n\n👶 ID sub-proses → '{process.ppid}'\n\n👍 Konsumsi memori [Hanya Node] → '{memoryInfo.node.overall}'\n\n📁 Arsitektur Node.js → '{process.arch}'\n\n🖥️ Platform Node.js → '{process.platform}'\n\n🔎 Node.js Rilis → '{process.release.name} {process.release.lts}'\n\n🌐 Node URL.js saat ini → '{process.release.sourceUrl}'\n\n👒 URL Header Node.js → '{process.release.headersUrl}'\n\n🦶 URL Lib Node.js → '{process.release.libUrl}'\n\n🕵️ Pemeriksa → '{process.features.inspector}'\n\n🔢 Debug → '{process.features.debug}'\n\n🤖 I/O UV Asinkron → '{process.features.uv}'\n\n──── Informasi OS [Modul/Node] ────\n\n{process.versions}\n──── Informasi OS [PC/Persekitaran] ────\n{process.env}"
        ]
    },
    "ms": {
        "User": [
            "📚 _Selamat datang ke menu bantuan sistem_ *'{name}'*\n\n🔎 _Sistem ini bertanggungjawab untuk:_ *'{description}'*\n\n❗ _Penggunaan umum ini dilakukan oleh:_ *'{usage.general}'*\n\n➖ _Beberapa contoh_ *[Termasuk yang untuk DEV]*_:_\n{usage.examples}\n❓ _Alias:_\n{alias}\n\n👀 _Extra:_\n{helps}"
        ],
        "Developer": [
            "📚 _Selamat datang ke menu bantuan sistem_ *'{name}'*\n\n🔎 _Sistem ini bertanggungjawab untuk:_ *'{description}'*\n\n❗ _Penggunaan umum ini dilakukan oleh:_ *'{usage.general}'*\n\n➖ _Beberapa contoh_ *[Termasuk yang untuk DEV]*_:_\n{usage.examples}\n❓ _Alias:_\n{alias}――――――――――――――――――――――――\n➕ *Butiran Lain [DEV]* ➕\n―――――――――――――――――――――――\n\n🎓 _Dibuat oleh :_ *'{developer}'*\n\n📜 _Di bawah lesen:_ *'{license}'*\n\n👀 _Petua:_\n{helps}\n↻ _Eksport:_ {exports}\n\n🔧 _Modul:_ {modules}\n\n📁 _Fail:_ {files}\n\n⚙️ _Tatarajah:_ {settings}\n\n✏️ _Parameter:_ {parameters}\n\n🗳️ _Hasil:_ {results}"
        ],
        "Restrict": [
            "Arahan ini terhad kepada hanya pentadbir, pemilik kumpulan, bos saya atau penyederhana, mungkin suatu hari nanti anda akan mendapat salah satu daripada senarai tersebut."
        ],
        "Timestamp": [
            "{days} hari | {hours} jam | {minutes} minit | {seconds} saat"
        ],
        "Memorystamp": [
            "{used} MB sedang digunakan | {free} MB percuma | {total} MB jumlah"
        ],
        "Ping": [
            "🏓 Pong!\n\n──── Maklumat Masa Jalan ────\n\n⚙️ {botName} V{version} (BINA: {build} / {buildname})\n\n🐌 Kelajuan Membaca → '{readTime}'\n\n⚡ Kelajuan Pelaksanaan → '{execTime}'\n\n⌛ Masa dalam talian → '{processUptime}"
        ],
        "Menu": [
            "🚀 _Selamat datang dalam senarai arahan:_ *#search*_!_ 🚀\n\n✨ _Di sini anda akan menemui semua arahan yang tersedia untuk meneroka dan memanfaatkan sistem._\n\n⚠️ _Beberapa arahan tidak tersedia dalam senarai kerana mereka dicipta bersama dengan yang lain, tetapi anda boleh mendapatkannya dengan petua di bawah._\n\n🔍 _Jika anda bingung dan tidak tahu cara menggunakan arahan tertentu, tambahkan sahaja_ *'--help'* _ke arahan tersebut. Sebagai contoh, untuk mendapatkan bantuan dengan arahan_ *'/S'*_, taip_ *'/S --help'*_. Kaedah ini juga akan memberikan cara lain untuk menggunakan arahan tersebut, serta arahan 'tersembunyi' dalam fail yang sama._"
        ],
        "Nasa": [
            "📰 Tajuk - {title}\n\n👤 Pengarang - {author}\n\n📅 Tarikh - {date}\n\n✏️ Penjelasan - {explanation}\n\n🌐 URL - {url}\n\n🎬 Jenis URL - {type}\n\n🌠 Imej/Thumb - {thumb}\n\n💻 Maklumat DEBUG:\n\n🚀 Versi - {version}\n\n⏳ Penggunaan Terkini - {usage}/{maxUsage}\n\n❌ Ralat - {errors}\n\n🔢 Kod - #{code} [{codeText}]\n\n❓ Penjelasan - {why}"
        ],
        "Pingdev": [
            "──── Maklumat Tambahan [Mesej] ────\n\n📊 Mesej selepas permulaan → '{messagesReceived}'\n\n👤 Mesej kumpulan → '{groupSize}'\n\n👥 Mesej peribadi → '{privateSize}'\n\n📈 Jumlah kumpulan → '{groupLeng}'\n\n✉️ Mesej [termasuk saya] → '{overallSize}'\n\n💬 Mesej saya → '{botSize}'\n\n──── Maklumat Tambahan [{botName}] ────\n\n🦓 ID → '{phoneInfo.id}'\n\n💬 Nama → '{phoneInfo.pushname}'\n\n📲 Jenis sambungan → '{phoneInfo.type}'\n\n👌 Status → '{phoneInfo.status}'\n\n📷 Diletakkan pada → '{phoneInfo.statusWhen}'\n\n🤑 Jenis pengguna → '{phoneInfo.server}'\n\n🏡 Nombor → '{phoneInfo.number}'\n\n🍪 Peranti → '{phoneInfo.phone}'\n\n──── Maklumat Tambahan [Sesi/PC] ────\n\n📅 Masa pembukaan → '{sessionInfo.launchSeconds}' saat\n\n💻 PC telah berjalan selama → '{computerInfo.uptime.overall}'\n\n🪀 Versi WhatsApp → '{sessionInfo.WA_VERSION}'\n\n🔙 Dimulakan pada → '{sessionInfo.startedAt}'"
        ],
        "Pingsecret": [
            "──── Maklumat Rahsia [PC] ────\n\n🌡️ CPU → '{computerInfo.cpu}'\n\n IPV6 → '{process.features.ipv6}'\n\n🔒 TLS → '{process.features.tls}'\n\n💎 Bilangan CPU → '{computerInfo.cores}' Inti\n\n🍃 Kelajuan → '{computerInfo.speed}' MHz\n\n🖥️ Sistem Operasi → '{computerInfo.so}'\n\n🛍️ Versi Sistem Operasi → '{computerInfo.version}'\n\n⚙️ Seni bina → '{computerInfo.arch}'\n\n🏄 Platfom → '{computerInfo.platform}'\n\n🤖 Kernel → '{computerInfo.kernel}'\n\n💾 RAM → '{memoryInfo.overall}\n\n👑 Nama Pengguna → '{computerInfo.username}' ['{userName}']\n\n🏠 Laman Utama → '{computerInfo.home}'\n\n👪 GID → '{computerInfo.groupId}'\n\n👤 UID → '{computerInfo.userId}'\n\n🐚 Shell → '{computerInfo.shell}'\n\n❓ Nama Hos → '{computerInfo.hostname}'\n\n😲 Endianness → '{computerInfo.endianness}'\n\n──── Maklumat Rahsia [Node.js] ────\n\n🥑 Node.js → '{process.version}'\n\n📎 Lokasi Node.js → '{process.execPath}'\n\n⛓️ Argv Node.js →\n\n{process.argv}\n\n📄 Tajuk Node.js → '{process.title}'\n\n🆔 ID Proses → '{process.pid}'\n\n👶 ID Ibu Proses → '{process.ppid}'\n\n👍 Penggunaan Memori [Node Sahaja] → '{memoryInfo.node.overall}'\n\n📁 Seni Bina Node.js → '{process.arch}'\n\n🖥️ Platfom Node.js → '{process.platform}'\n\n🔎 Pelepasan Node.js → '{process.release.name} {process.release.lts}'\n\n🌐 URL Semasa Node.js → '{process.release.sourceUrl}'\n\n👒 URL Tajuk Node.js → '{process.release.headersUrl}'\n\n🦶 URL Perpustakaan Node.js → '{process.release.libUrl}'\n\n🕵️ Pemeriksa → '{process.features.inspector}'\n\n🔢 Berbug → '{process.features.debug}'\n\n🤖 I/O UV Asinkron → '{process.features.uv}'\n\n──── Maklumat S.O [Modul/Node] ────\n\n{process.versions}\n──── Maklumat S.O [PC/Persekitaran] ────\n{process.env}"
        ]
    },
    "hi": {
        "User": [
            "📚 _सिस्टम सहायता मेनू में आपका स्वागत है_ *'{name}'*\n\n🔎 _यह सिस्टम इसके लिए ज़िम्मेदार है:_ *'{description}'*\n\n❗ _इसका सामान्य उपयोग इसके द्वारा किया जाता है:_ *'{usage.general}'*\n\n➖ _कुछ उदाहरण_ *[DEVs सहित]*_:_\n{usage.examples}\n❓ _उपनाम:_\n{alias}\n\n👀 _Extra:_\n{helps}"
        ],
        "Developer": [
            "📚 _सिस्टम सहायता मेनू में आपका स्वागत है_ *'{name}'*\n\n🔎 _यह सिस्टम इसके लिए ज़िम्मेदार है:_ *'{description}'*\n\n❗ _इसका सामान्य उपयोग इसके द्वारा किया जाता है:_ *'{usage.general}'*\n\n➖ _कुछ उदाहरण_ *[DEVs के लिए उन्हें शामिल करते हुए]*_:_\n{usage.examples}\n❓ _उपनाम:_\n{alias}――――――――――――――――――――――――\n➕ *अन्य विवरण [DEVs]* ➕\n―――――――――――――――――――――――\n\n _द्वारा निर्मित :_ *'{developer}'*\n\n📜 _अंडर लाइसेंस:_ *'{license}'*\n\n👀 _टिप्स:_\n{helps}\n↻ _Exports:_ {exports}\n\n🔧 _मॉड्यूल:_ {modules}\n\n📁 _फ़ाइलें:_ {files}\n\n⚙️ _कॉन्फ़िगरेशन:_ {settings}\n\n✏️ _पैरामीटर:_ {parameters}\n\n🗳️ _परिणाम:_ {results}"
        ],
        "Restrict": [
            "यह आदेश केवल व्यवस्थापकों, समूह के स्वामी, मेरे बॉस या मॉडरेटर तक ही सीमित है, हो सकता है कि एक दिन आप उन सूचियों में से किसी एक पर पहुंचें।"
        ],
        "Timestamp": [
            "{days} दिन | {hours} घंटे | {minutes} मिनट | {seconds} सेकंड"
        ],
        "Memorystamp": [
            "{used} MB उपयोग में है | {free} MB मुफ़्त | {total} MB कुल"
        ],
        "Ping": [
            "🏓 पोंग!\n\n──── रनटाइम जानकारी ────\n\n⚙️ {botName} V{version} (निर्मित: {build} / {buildname})\n\n🐌 पढ़ने की गति → '{readTime}'\n\n⚡ निष्पादन गति → '{execTime}'\n\n⌛ ऑनलाइन समय → '{processUptime}"
        ],
        "Menu": [
            "🚀 _कमांड सूची में आपका स्वागत है:_ *#search*_!_ 🚀\n\n✨ _यहां आपको सभी उपलब्ध कमांड मिलेंगी जिनका अन्वेषण करने और सिस्टम से सर्वोत्तम तरीके से लाभ उठाने के लिए।_\n\n⚠️ _कुछ कमांड अन्योन्य कमांडों के साथ मिलकर बनाई गई हैं, इसलिए उन्हें सूची में नहीं दिखाया जाता है, लेकिन निम्न युक्तिनुसार उन्हें प्राप्त कर सकते हैं।_\n\n🔍 _अगर आप थोड़े से खो गए हैं और किसी विशिष्ट कमांड का उपयोग कैसे करें, तो केवल कमांड में_ *'--help'* _जोड़ें। उदाहरण के लिए, कमांड_ *'/S'*_ के साथ मदद प्राप्त करने के लिए_ *'/S --help'*_ लिखें। इस तरीके से कमांड का अन्य तरीके से उपयोग करने के लिए और एक ही फ़ाइल में 'छिपी हुई' कमांड्स भी प्रदान करेगा।_"
        ],
        "Nasa": [
            "📰 शीर्षक - {title}\n\n👤 लेखक - {author}\n\n📅 तारीख - {date}\n\n✏️ व्याख्या - {explanation}\n\n🌐 URL - {url}\n\n🎬 URL प्रकार - {type}\n\n🌠 छवि/थम्ब - {thumb}\n\n💻 DEBUG जानकारी:\n\n🚀 संस्करण - {version}\n\n⏳ बचे हुए उपयोग - {usage}/{maxUsage}\n\n❌ त्रुटियाँ - {errors}\n\n🔢 कोड - #{code} [{codeText}]\n\n❓ व्याख्या - {why}"
        ],
        "Pingdev": [
            "──── अतिरिक्त जानकारी [संदेश] ────\n\n📊 प्रारंभ के बाद संदेश → '{messagesReceived}'\n\n👤 समूह संदेश → '{groupSize}'\n\n👥 पीवी में संदेश → '{privateSize}'\n\n📈 कुल समूह → '{groupLeng}'\n\n✉️ मेसेज [मुझे शामिल करके] → '{overallSize}'\n\n💬 मेरे संदेश → '{botSize}'\n\n──── अतिरिक्त जानकारी [{botName}] ────\n\n🦓 आईडी → '{phoneInfo.id}'\n\n💬 नाम → '{phoneInfo.pushname}'\n\n📱 कनेक्शन के प्रकार → '{phoneInfo.type}'\n\n👌 स्थिति → '{phoneInfo.status}'\n\n📷 रखा गया → '{phoneInfo.statusWhen}'\n\n🤑 उपयोगकर्ता प्रकार → '{phoneInfo.server}'\n\n🏡 नंबर → '{phoneInfo.number}'\n\n🍪 उपकरण → '{phoneInfo.phone}'\n\n──── अतिरिक्त जानकारी [सत्र/पीसी] ────\n\n📅 बूट समय → '{sessionInfo.launchSeconds}' सेकंड\n\n💻​ पीसी चाल रहा है → '{computerInfo.uptime.overall}'\n\n🪀 WhatsApp संस्करण → '{sessionInfo.WA_VERSION}'\n\n🔙 शुरू होगया → '{sessionInfo.startedAt}'"
        ],
        "Pingsecret": [
            "──── गोपनीय जानकारी [पीसी] ────\n\n🌡️ CPU → '{computerInfo.cpu}'\n\n IPV6 → '{process.features.ipv6}'\n\n🔒 TLS → '{process.features.tls}'\n\n💎 CPU की संख्या → '{computerInfo.cores}' कोर\n\n🍃 गति → '{computerInfo.speed}' MHz\n\n🖥️ ऑपरेटिंग सिस्टम → '{computerInfo.so}'\n\n🛍️ ओएस संस्करण → '{computerInfo.version}'\n\n⚙️ आर्किटेक्चर → '{computerInfo.arch}'\n\n🏄 प्लेटफार्म → '{computerInfo.platform}'\n\n🤖 कर्नेल → '{computerInfo.kernel}'\n\n💾 रैम → '{memoryInfo.overall}'\n\n👑 उपयोगकर्ता नाम → '{computerInfo.username}' ['{userName}']\n\n🏠 होम → '{computerInfo.home}'\n\n👪 जीआईडी → '{computerInfo.groupId}'\n\n👤 यूआईडी → '{computerInfo.userId}'\n\n🐚 शैल → '{computerInfo.shell}'\n\n❓ होस्टनेम → '{computerInfo.hostname}'\n\n😲 एंडियन → '{computerInfo.endianness}'\n\n──── गोपनीय जानकारी [नोड.जेएस] ────\n\n🥑 नोड.जेएस → '{process.version}'\n\n📎 नोड.जेएस स्थान → '{process.execPath}'\n\n⛓️ नोड.जेएस Argv →\n\n{process.argv}\n\n📄 नोड.जेएस शीर्षक → '{process.title}'\n\n🆔 प्रक्रिया आईडी → '{process.pid}'\n\n👶 सब प्रक्रिया आईडी → '{process.ppid}'\n\n👍 मेमोरी उपभोक्ति [केवल नोड] → '{memoryInfo.node.overall}'\n\n📁 नोड.जेएस आर्किटेक्चर → '{process.arch}'\n\n 🖥️ नोड.जेएस प्लेटफार्म → '{process.platform}'\n\n🔎 नोड.जेएस रिलीज → '{process.release.name} {process.release.lts}'\n\n🌐 नोड यूआरएल. मौजूदा जेएस → '{process.release.sourceUrl}'\n\n👒 नोड.जेएस हेडर यूआरएल → '{process.release.headersUrl}'\n\n🦶 नोड.जेएस लिब यूआरएल → '{process.release.libUrl}'\n\n🕵️ इंस्पेक्टर → '{process.features.inspector}'\n\n🔢 डिबग → '{process.features.debug}'\n\n🤖 एसिंक यूवी आई/ओ → '{process.features.uv}'\n\n──── ऑएस जानकारी [मॉड्यूल/नोड] ────\n\n{process.versions}\n──── ऑएस जानकारी [पीसी/एनवी] ────\n{process.env}"
        ]
    },
    "de": {
        "User": [
            "📚 _Willkommen im Hilfemenü des Systems_ *'{name}'*\n\n🔎 _Dieses System ist verantwortlich für:_ *'{description}'*\n\n❗ _Die allgemeine Verwendung erfolgt durch:_ *'{usage.general}'*\n\n➖ _Einige Beispiele_ *[einschließlich derer für DEVs]*_:_\n{usage.examples}\n❓ _Alias:_\n{alias}\n\n👀 _Extra:_\n{helps}"
        ],
        "Developer": [
            "📚 _Willkommen im Hilfemenü des Systems_ *'{name}'*\n\n🔎 _Dieses System ist verantwortlich für:_ *'{description}'*\n\n❗ _Die allgemeine Verwendung erfolgt durch:_ *'{usage.general}'*\n\n➖ _Einige Beispiele_ *[Einschließlich derer für DEVs]*_:_\n{usage.examples}\n❓ _Alias:_\n{alias}――――――――――――――――――――――――\n➕ *Andere Details [DEVs]* ➕\n―――――――――――――――――――――――\n\n🎓 :_ *'{developer}'*\n\n📜 _Unter Lizenz:_ *'{license}'*\n\n👀 _Tipps:_\n{helps}\n↻ _Exporte:_ {exports}\n\n🔧 _Module:_ {modules}\n\n📁 _Dateien:_ {files}\n\n⚙️ _Konfigurationen:_ {settings}\n\n✏️ _Parameter:_ {parameters}\n\n🗳️ _Ergebnisse:_ {results}"
        ],
        "Restrict": [
            "Dieser Befehl ist nur auf Administratoren, Gruppenbesitzer, meinen Chef oder Moderatoren beschränkt, vielleicht kommst du eines Tages auf eine dieser Listen."
        ],
        "Timestamp": [
            "{days} Tage | {hours} Stunden | {minutes} Minuten | {seconds} Sekunden"
        ],
        "Memorystamp": [
            "{used} MB belegt | {free} MB frei | {total} MB insgesamt"
        ],
        "Ping": [
            "🏓 Pong!\n\n──── Laufzeitinformationen ────\n\n⚙️ {botName} V{version} (BUILD: {build} / {buildname})\n\n🐌 Lesegeschwindigkeit → '{readTime}'\n\n⚡ Ausführungsgeschwindigkeit → '{execTime}'\n\n⌛ Onlinezeit → '{processUptime}"
        ],
        "Menu": [
            "🚀 _Willkommen in der Befehlsliste:_ *#search*_!_ 🚀\n\n✨ _Hier finden Sie alle verfügbaren Befehle zum Erkunden und Nutzen des Systems._\n\n⚠️ _Einige Befehle sind in der Liste nicht verfügbar, da sie zusammen mit anderen erstellt wurden, aber Sie können sie mit dem untenstehenden Tipp erhalten._\n\n🔍 _Wenn Sie sich ein wenig verloren fühlen und nicht wissen, wie Sie einen bestimmten Befehl verwenden sollen, fügen Sie einfach_ *'--help'* _zum Befehl hinzu. Zum Beispiel, um Hilfe bei dem Befehl_ *'/S'*_ zu erhalten, geben Sie_ *'/S --help'*_ ein. Diese Methode bietet auch andere Möglichkeiten, den Befehl zu verwenden, sowie 'versteckte' Befehle in derselben Datei._"
        ],
        "Nasa": [
            "📰 Titel - {title}\n\n👤 Autor - {author}\n\n📅 Datum - {date}\n\n✏️ Erklärung - {explanation}\n\n🌐 URL - {url}\n\n🎬 URL-Typ - {type}\n\n🌠 Bild/Miniatur - {thumb}\n\n💻 DEBUG-Informationen:\n\n🚀 Version - {version}\n\n⏳ Verbleibende Verwendungen - {usage}/{maxUsage}\n\n❌ Fehler - {errors}\n\n🔢 Code - #{code} [{codeText}]\n\n❓ Erklärung - {why}"
        ],
        "Pingdev": [
            "──── Zusatzinformationen [Nachricht] ────\n\n📊 Nachrichten nach dem Start → '{messagesReceived}'\n\n👤 Gruppennachrichten → '{groupSize}'\n\n👥 Nachrichten in PV → '{privateSize}'\n\n📈 Gesamtgruppen → '{groupLeng}'\n\n✉️ Nachrichten [einschließlich mir] → '{overallSize}'\n\n💬 Nachrichten von mir → '{botSize}'\n\n──── Zusatzinformationen [{botName}] ────\n\n🦓 ID → '{phoneInfo.id}'\n\n💬 Name → '{phoneInfo.pushname}'\n\n📱 Verbindungstyp → '{phoneInfo.type}'\n\n👌 Status → '{phoneInfo.status}'\n\n📷 Platziert am → '{phoneInfo.statusWhen}'\n\n🤑 Benutzertyp → '{phoneInfo.server}'\n\n🏡 Nummer → '{phoneInfo.number}'\n\n🍪 Gerät → '{phoneInfo.phone}'\n\n──── Zusatzinformationen [Sitzung/PC] ────\n\n📅 Bootzeit → '{sessionInfo.launchSeconds}' Sekunden\n\n💻​ PC an → '{computerInfo.uptime.overall}'\n\n🪀 WhatsApp-Version → '{sessionInfo.WA_VERSION}'\n\n🔙 Gestartet um → '{sessionInfo.startedAt}'"
        ],
        "Pingsecret": [
            "──── Geheime Informationen [PC] ────\n\n🌡️ CPU → '{computerInfo.cpu}'\n\n IPV6 → '{process.features.ipv6}'\n\n🔒 TLS → '{process.features.tls}'\n\n💎 Anzahl der CPUs → '{computerInfo.cores}' Kerne\n\n🍃 Geschwindigkeit → '{computerInfo.speed}' MHz\n\n🖥️ Betriebssystem → '{computerInfo.so}'\n\n🛍️ Betriebssystemversion → '{computerInfo.version}'\n\n⚙️ Architektur → '{computerInfo.arch}'\n\n🏄 Plattform → '{computerInfo.platform}'\n\n🤖 Kernel → '{computerInfo.kernel}'\n\n💾 RAM → '{memoryInfo.overall}'\n\n👑 Benutzername → '{computerInfo.username}' ['{userName}']\n\n🏠 Startseite → '{computerInfo.home}'\n\n👪 GID → '{computerInfo.groupId}'\n\n👤 UID → '{computerInfo.userId}'\n\n🐚 Shell → '{computerInfo.shell}'\n\n❓ Hostname → '{computerInfo.hostname}'\n\n😲 Endian → '{computerInfo.endianness}'\n\n──── Geheime Informationen [Node.js] ────\n\n🥑 Node.js → '{process.version}'\n\n📎 Node.js Standort → '{process.execPath}'\n\n⛓️ Node.js Argv →\n\n{process.argv}\n\n📄 Node.js Titel → '{process.title}'\n\n🆔 Prozess-ID → '{process.pid}'\n\n👶 Unterprozess-ID → '{process.ppid}'\n\n👍 Speicherverbrauch [Nur Node] → '{memoryInfo.node.overall}'\n\n📁 Node.js-Architektur → '{process.arch}'\n\n 🖥️ Node.js-Plattform → '{process.platform}'\n\n🔎 Node.js-Version → '{process.release.name} {process.release.lts}'\n\n🌐 Aktuelle Node.js-URL → '{process.release.sourceUrl}'\n\n👒 Node.js Header-URL → '{process.release.headersUrl}'\n\n🦶 Node.js Lib-URL → '{process.release.libUrl}'\n\n🕵️ Inspector → '{process.features.inspector}'\n\n🔢 Debuggen → '{process.features.debug}'\n\n🤖 Asynchrone UV-E/A → '{process.features.uv}'\n\n──── OS-Informationen [Module/Node] ────\n{process.versions}\n──── OS-Informationen [PC/Umgebung] ────\n{process.env}"
        ]
    },
    "it": {
        "User": [
            "📚 _Benvenuto nel menu di aiuto del sistema_ *'{name}'*\n\n🔎 _Questo sistema è responsabile di:_ *'{description}'*\n\n❗ _L'uso generale di questo è fatto da:_ *'{usage.general}'*\n\n➖ _Alcuni esempi_ *[Inclusi quelli per DEV]*_:_\n{usage.examples}\n❓ _Alias:_\n{alias}\n\n👀 _Extra:_\n{helps}"
        ],
        "Developer": [
            "📚 _Benvenuto nel menu di aiuto del sistema_ *'{name}'*\n\n🔎 _Questo sistema è responsabile di:_ *'{description}'*\n\n❗ _L'uso generale di questo è fatto da:_ *'{usage.general}'*\n\n➖ _Alcuni esempi_ *[Inclusi quelli per DEV]*_:_\n{usage.examples}\n❓ _Alias:_\n{alias}――――――――――――――――――――――――\n➕ *Altre informazioni [DEV]* ➕\n――――――――――――――――――――――――\n\n🎓 _Made by :_ *'{developer}'*\n\n📜 _Sotto licenza:_ *'{license}'*\n\n👀 _Suggerimenti:_\n{helps}\n↻ _Esportazioni:_ {exports}\n\n🔧 _Modules:_ {modules}\n\n📁 _Files:_ {files}\n\n⚙️ _Configurations:_ {settings}\n\n✏️ _Parameters:_ {parameters}\n\n🗳️ _Results:_ {results}"
        ],
        "Restrict": [
            "Questo comando è limitato solo agli amministratori, al proprietario del gruppo, al mio capo o ai moderatori, forse un giorno entrerai in una di quelle liste."
        ],
        "Timestamp": [
            "{days} giorni | {hours} ore | {minutes} minuti | {seconds} secondi"
        ],
        "Memorystamp": [
            "{used} MB in uso | {free} MB liberi | {total} MB totali"
        ],
        "Ping": [
            "🏓 Pong!\n\n──── Informazioni sul tempo di esecuzione ────\n\n⚙️ {botName} V{version} (BUILD: {build} / {buildname})\n\n🐌 Velocità di lettura → '{readTime}'\n\n⚡ Velocità di esecuzione → '{execTime}'\n\n⌛ Tempo online → '{processUptime}"
        ],
        "Menu": [
            "🚀 _Benvenuto nell'elenco dei comandi:_ *#search*_!_ 🚀\n\n✨ _Qui troverai tutti i comandi disponibili per esplorare e sfruttare al massimo il sistema._\n\n⚠️ _Alcuni comandi non sono disponibili nell'elenco in quanto sono stati creati insieme ad altri, ma puoi ottenerli con il suggerimento di seguito._\n\n🔍 _Se ti senti un po' perso e non sai come usare un comando specifico, aggiungi semplicemente_ *'--help'* _al comando. Ad esempio, per ottenere aiuto con il comando_ *'/S'*_, digita_ *'/S --help'*_. Questo metodo fornirà anche altre modalità per utilizzare il comando, oltre a comandi 'nascosti' nello stesso file._"
        ],
        "Nasa": [
            "📰 Titolo - {title}\n\n👤 Autore - {author}\n\n📅 Data - {date}\n\n✏️ Spiegazione - {explanation}\n\n🌐 URL - {url}\n\n🎬 Tipo di URL - {type}\n\n🌠 Immagine/Miniatura - {thumb}\n\n💻 Informazioni di DEBUG:\n\n🚀 Versione - {version}\n\n⏳ Utilizzo rimanente - {usage}/{maxUsage}\n\n❌ Errori - {errors}\n\n🔢 Codice - #{code} [{codeText}]\n\n❓ Spiegazione - {why}"
        ],
        "Pingdev": [
            "──── Informazioni Extra [Messaggio] ────\n\n📊 Messaggi dopo l'avvio → '{messagesReceived}'\n\n👤 Messaggi di gruppo → '{groupSize}'\n\n👥 Messaggi in chat private → '{privateSize}'\n\n📈 Totale dei gruppi → '{groupLeng}'\n\n✉️ Messaggi [me compreso] → '{overallSize}'\n\n💬 Messaggi da me → '{botSize}'\n\n──── Informazioni Extra [{botName}] ────\n\n🦓 ID → '{phoneInfo.id}'\n\n💬 Nome → '{phoneInfo.pushname}'\n\n📱 Tipo di connessione → '{phoneInfo.type}'\n\n👌 Stato → '{phoneInfo.status}'\n\n📷 Posizionato il → '{phoneInfo.statusWhen}'\n\n🤑 Tipo di utente → '{phoneInfo.server}'\n\n🏡 Numero → '{phoneInfo.number}'\n\n🍪 Dispositivo → '{phoneInfo.phone}'\n\n──── Informazioni Extra [Sessione/PC] ────\n\n📅 Tempo di avvio → '{sessionInfo.launchSeconds}' secondi\n\n💻 PC acceso da → '{computerInfo.uptime.overall}'\n\n🪀 Versione WhatsApp → '{sessionInfo.WA_VERSION}'\n\n🔙 Avviato il → '{sessionInfo.startedAt}'"
        ],
        "Pingsecret": [
            "──── Informazioni Segrete [PC] ────\n\n🌡️ CPU → '{computerInfo.cpu}'\n\n IPV6 → '{process.features.ipv6}'\n\n🔒 TLS → '{process.features.tls}'\n\n💎 Numero di CPU → '{computerInfo.cores}' Core\n\n🍃 Velocità → '{computerInfo.speed}' MHz\n\n🖥️ Sistema Operativo → '{computerInfo.so}'\n\n🛍️ Versione del sistema operativo → '{computerInfo.version}'\n\n⚙️ Architettura → '{computerInfo.arch}'\n\n🏄 Piattaforma → '{computerInfo.platform}'\n\n🤖 Kernel → '{computerInfo.kernel}'\n\n💾 RAM → '{memoryInfo.overall}'\n\n👑 Nome utente → '{computerInfo.username}' ['{userName}']\n\n🏠 Home → '{computerInfo.home}'\n\n👪 GID → '{computerInfo.groupId}'\n\n👤 UID → '{computerInfo.userId}'\n\n🐚 Shell → '{computerInfo.shell}'\n\n❓ Nome host → '{computerInfo.hostname}'\n\n😲 Estremità → '{computerInfo.endianness}'\n\n──── Informazioni Segrete [Node.js] ────\n\n🥑 Node.js → '{process.version}'\n\n📎 Posizione di Node.js → '{process.execPath}'\n\n⛓️ Argomenti di Node.js →\n\n{process.argv}\n\n📄 Titolo di Node.js → '{process.title}'\n\n🆔 ID del processo → '{process.pid}'\n\n👶 ID del sottoprocesso → '{process.ppid}'\n\n👍 Consumo di memoria [Solo Node] → '{memoryInfo.node.overall}'\n\n📁 Architettura di Node.js → '{process.arch}'\n\n🖥️ Piattaforma di Node.js → '{process.platform}'\n\n🔎 Release di Node.js → '{process.release.name} {process.release.lts}'\n\n🌐 URL corrente di Node.js → '{process.release.sourceUrl}'\n\n👒 URL dell'intestazione di Node.js → '{process.release.headersUrl}'\n\n🦶 URL della libreria di Node.js → '{process.release.libUrl}'\n\n🕵️ Ispezione → '{process.features.inspector}'\n\n🔢 Debug → '{process.features.debug}'\n\n🤖 I/O asincrono con UV → '{process.features.uv}'\n\n──── Informazioni sul sistema operativo [Moduli/Node] ────\n{process.versions}\n──── Informazioni sul sistema operativo [PC/Ambiente] ────\n{process.env}"
        ]
    },
    "ru": {
        "User": [
            "📚 _Добро пожаловать в меню справки системы_ *'{name}'*\n\n🔎 _Эта система отвечает за:_ *'{description}'*\n\n❗ _Общее использование этого осуществляется:_ *'{usage.general}'*\n\n➖ _Некоторые примеры_ *[В том числе для DEV]*_:_\n{usage.examples}\n❓ _Псевдоним:_\n{alias}\n\n👀 _Extra:_\n{helps}"
        ],
        "Developer": [
            "📚 _Добро пожаловать в меню справки системы_ *'{name}'*\n\n🔎 _Эта система отвечает за:_ *'{description}'*\n\n❗ _Общее использование этого осуществляется:_ *'{usage.general}'*\n\n➖ _Некоторые примеры_ *[В том числе для DEV]*_:_\n{usage.examples}\n❓ _Псевдоним:_\n{alias}――――――――――――――――――――――――\n➕ *Другие сведения [DEVs]* ➕\n――――――――――――――――――――――――\n\n🎓 _Сделано :_ *'{developer}'*\n\n📜 _Под лицензией:_ *'{license}'*\n\n👀 _Советы:_\n{helps}\n↻ _Экспорт:_ {exports}\n\n🔧 _Modules:_ {modules}\n\n📁 _Files:_ {files}\n\n⚙️ _Configurations:_ {settings}\n\n✏️ _Parameters:_ {parameters}\n\n🗳️ _Results:_ {results}"
        ],
        "Restrict": [
            "Эта команда доступна только администраторам, владельцу группы, моему начальнику или модераторам. Возможно, однажды вы присоединитесь к одному из этих списков..."
        ],
        "Timestamp": [
            "{days} дней | {hours} часов | {minutes} минут | {seconds} секунд"
        ],
        "Memorystamp": [
            "{used} МБ используется | {free} МБ бесплатно | {total} МБ всего"
        ],
        "Ping": [
            "🏓 Pong!\n\n──── Информация о времени выполнения ────\n\n⚙️ {botName} V{version} (СТРОЙКА: {build} / {buildname})\n\n🐌 Скорость чтения → '{readTime}'\n\n⚡ Скорость выполнения → '{execTime}'\n\n⌛ Онлайн-время → '{processUptime}"
        ],
        "Menu": [
            "🚀 _Добро пожаловать в список команд:_ *#search*_!_ 🚀\n\n✨ _Здесь вы найдете все доступные команды для исследования и максимального использования системы._\n\n⚠️ _Некоторые команды недоступны в списке, так как они были созданы вместе с другими, но вы можете получить их с помощью подсказки ниже._\n\n🔍 _Если вы немного потерялись и не знаете, как использовать конкретную команду, просто добавьте_ *'--help'* _к команде. Например, чтобы получить помощь с командой_ *'/S'*_, введите_ *'/S --help'*_. Этот метод также предоставит другие способы использования команды, а также 'скрытые' команды в том же файле._"
        ],
        "Nasa": [
            "📰 Заголовок - {title}\n\n👤 Автор - {author}\n\n📅 Дата - {date}\n\n✏️ Объяснение - {explanation}\n\n🌐 URL - {url}\n\n🎬 Тип URL - {type}\n\n🌠 Изображение/Миниатюра - {thumb}\n\n💻 Информация ОТЛАДКИ:\n\n🚀 Версия - {version}\n\n⏳ Оставшееся использование - {usage}/{maxUsage}\n\n❌ Ошибки - {errors}\n\n🔢 Код - #{code} [{codeText}]\n\n❓ Объяснение - {why}"
        ],
        "Pingdev": [
            "──── Дополнительная информация [Сообщение] ────\n\n📊 Сообщения после старта → '{messagesReceived}'\n\n👤 Групповые сообщения → '{groupSize}'\n\n👥 Сообщения в личных сообщениях → '{privateSize}'\n\n📈 Всего групп → '{groupLeng}'\n\n✉️ Сообщения [включая меня] → '{overallSize}'\n\n💬 Мои сообщения → '{botSize}'\n\n──── Дополнительная информация [{botName}] ────\n\n🦓 ID → '{phoneInfo.id}'\n\n💬 Имя → '{phoneInfo.pushname}'\n\n📱 Тип соединения → '{phoneInfo.type}'\n\n👌 Статус → '{phoneInfo.status}'\n\n📷 Размещено в → '{phoneInfo.statusWhen}'\n\n🤑 Тип пользователя → '{phoneInfo.server}'\n\n🏡 Номер → '{phoneInfo.number}'\n\n🍪 Устройство → '{phoneInfo.phone}'\n\n──── Дополнительная информация [Сессия/ПК] ────\n\n📅 Время загрузки → '{sessionInfo.launchSeconds}' секунд\n\n💻 Включен ПК → '{computerInfo.uptime.overall}'\n\n🪀 Версия WhatsApp → '{sessionInfo.WA_VERSION}'\n\n🔙 Начато в → '{sessionInfo.startedAt}'"
        ],
        "Pingsecret": [
            "──── Секретная информация [ПК] ────\n\n🌡️ ЦПУ → '{computerInfo.cpu}'\n\n IPV6 → '{process.features.ipv6}'\n\n🔒 TLS → '{process.features.tls}'\n\n💎 Количество ЦПУ → '{computerInfo.cores}' Ядра\n\n🍃 Скорость → '{computerInfo.speed}' МГц\n\n🖥️ Операционная система → '{computerInfo.so}'\n\n🛍️ Версия ОС → '{computerInfo.version}'\n\n⚙️ Архитектура → '{computerInfo.arch}'\n\n🏄 Платформа → '{computerInfo.platform}'\n\n🤖 Ядро → '{computerInfo.kernel}'\n\n💾 ОЗУ → '{memoryInfo.overall}'\n\n👑 Имя пользователя → '{computerInfo.username}' ['{userName}']\n\n🏠 Домашний каталог → '{computerInfo.home}'\n\n👪 GID → '{computerInfo.groupId}'\n\n👤 UID → '{computerInfo.userId}'\n\n🐚 Оболочка → '{computerInfo.shell}'\n\n❓ Имя хоста → '{computerInfo.hostname}'\n\n😲 Разрядность → '{computerInfo.endianness}'\n\n──── Секретная информация [Node.js] ────\n\n🥑 Node.js → '{process.version}'\n\n📎 Местоположение Node.js → '{process.execPath}'\n\n⛓️ Параметры командной строки Node.js →\n\n{process.argv}\n\n📄 Заголовок Node.js → '{process.title}'\n\n🆔 ID процесса → '{process.pid}'\n\n👶 ID дочернего процесса → '{process.ppid}'\n\n👍 Потребление памяти [Только Node] → '{memoryInfo.node.overall}'\n\n📁 Архитектура Node.js → '{process.arch}'\n\n🖥️ Платформа Node.js → '{process.platform}'\n\n🔎 Версия Node.js → '{process.release.name} {process.release.lts}'\n\n🌐 Текущий URL Node.js → '{process.release.sourceUrl}'\n\n👒 URL заголовка Node.js → '{process.release.headersUrl}'\n\n🦶 URL библиотеки Node.js → '{process.release.libUrl}'\n\n🕵️ Инспектор → '{process.features.inspector}'\n\n🔢 Отладка → '{process.features.debug}'\n\n🤖 Асинхронный ввод/вывод UV → '{process.features.uv}'\n\n──── Информация о системе [Модули/Node] ────\n{process.versions}\n──── Информация о системе [ПК/Окружение] ────\n{process.env}"
        ]
    },
    "lat": {
        "User": [
            "📚 _Welcome to the system help menu_ *'{name}'*\n\n🔎 _Haec ratio responsabilis est:_ *'{description}'*\n\n❗ _ Communis usus huius rei ab:_ *'{usage.general}'*\n\n➖ _Quaedam exempla_ *[Including his for DEVs]*_:_\n{usage.examples}\n❓ _Alias:_\n{alias}\n\n👀 _Extra:_\n{helps}"
        ],
        "Developer": [
            "📚 _Welcome to the system help menu_ *'{name}'*\n\n🔎 _Haec ratio responsabilis est:_ *'{description}'*\n\n❗ _ Communis usus huius rei ab:_ *'{usage.general}'*\n\n➖ _Quaedam exempla_ *[Including his for DEVs]*_:_\n{usage.examples}\n❓ _Alias:_\n{alias}――――――――――――――――――――――――\n➕*Alia Details [DEVs]*\n――――――――――――――――――――――――\n\n🎓 _Made by :_ *'{developer}'*\n\n📜 _Sub licentia:_ *'{license}'*\n\n👀 _Tips:_\n{helps}\n↻ _Exports:_ {exports}\n\n🔧 _Modules:_ {modules}\n\n📁 _Files:_ {files}\n\n⚙️ _Configurationes:_ {settings}\n\n✏️ _Parameters:_ {parameters}\n\n🗳️ _Results:_ {results}"
        ],
        "Restrict": [
            "Hoc mandatum restringitur ad solum admins, dominus coetus, dominus meus vel moderator, fortasse unus dies in unum ex illis tabulas habebitis."
        ],
        "Timestamp": [
            "{days} dies | {hours} horae | {minutes} minuta | {seconds} seconds"
        ],
        "Memorystamp": [
            "{used} MB in usu | {free} MB liberum | {total} MB total"
        ],
        "Ping": [
            "🏓 Pong!\n\n──── Runtime Information ────\n\n⚙️ {botName} V{version} (BUILD: {build} / {buildname}\n\n🐌 Celeritas Lectionis → '{readTime}'\n\n⚡ Execution Speed → '{execTime}'\n\n⌛ Online tempus → '{processUptime}"
        ],
        "Menu": [
            "🚀 _Salutem in lista mandatorum:_ *#search*_!_ 🚀\n\n✨ _Hic omnes mandata ad explorandum adhibenda utem maxime idem faciendum invenies._\n\n⚠️ _Mandata nonnulla in listam non includuntur quoniam cum aliis pariter facta sunt, sed consilio inferiore potes ea nancisci._\n\n🔍 _Si paullulum erras et ignoras uti quodam mandato certo, addas_ *'--auxilium'* _ad mandatum. Ut exempli gratia, ut auxilium de mandato_ *'/S'*_ capias, scribe_ *'/S --auxilium'*_. Hoc iter et alia modi mandatorum utendi adferet, itemque mandata 'occulta' in eodem schedario sunt._"
        ],
        "Nasa": [
            "📰 Titulus - {title}\n\n👤 Auctor - {author}\n\n📅 Dies - {date}\n\n✏️ Explicatio - {explanation}\n\n🌐 URL - {url}\n\n🎬 Generis URL - {type}\n\n🌠 Imago/Pollex - {thumb}\n\n💻 Informatio DEBUG:\n\n🚀 Versio - {version}\n\n⏳ Usus reliquus - {usage}/{maxUsage}\n\n❌ Errores - {errors}\n\n🔢 Codex - #{code} [{codeText}]\n\n❓ Explicatio - {why}"
        ],
        "Pingdev": [
            "──── Informatio Additamenta [Messagium] ────\n\n📊 Messagia post initionem → '{messagesReceived}'\n\n👤 Messagia gruppi → '{groupSize}'\n\n👥 Messagia in conversationibus privatis → '{privateSize}'\n\n📈 Summa grupporum → '{groupLeng}'\n\n✉️ Messagia [et me] → '{overallSize}'\n\n💬 Messagia a me → '{botSize}'\n\n──── Informatio Additamenta [{nomenBot}] ────\n\n🦓 ID → '{phoneInfo.id}'\n\n💬 Nomen → '{phoneInfo.pushname}'\n\n📱 Generis nexus → '{phoneInfo.type}'\n\n👌 Status → '{phoneInfo.status}'\n\n📷 Locatus in → '{phoneInfo.statusWhen}'\n\n🤑 Generis usoris → '{phoneInfo.server}'\n\n🏡 Numerus → '{phoneInfo.number}'\n\n🍪 Apparatus → '{phoneInfo.phone}'\n\n──── Informatio Additamenta [Sessio/Computatrum] ────\n\n📅 Tempus incitationis → '{sessionInfo.launchSeconds}' secunda\n\n💻 Computatrum stat → '{computerInfo.uptime.overall}'\n\n🪀 Versio WhatsApp → '{sessionInfo.WA_VERSION}'\n\n🔙 Inceptum est → '{sessionInfo.startedAt}'"
        ],
        "Pingsecret": [
            "──── Informatio Secreta [Computatrum] ────\n\n🌡️ CPU → '{computerInfo.cpu}'\n\n IPV6 → '{process.features.ipv6}'\n\n🔒 TLS → '{process.features.tls}'\n\n💎 Numerus CPU → '{computerInfo.cores}' Nuclei\n\n🍃 Velocitas → '{computerInfo.speed}' MHz\n\n🖥️ Systema Operativum → '{computerInfo.so}'\n\n🛍️ Versio OS → '{computerInfo.version}'\n\n⚙️ Architectura → '{computerInfo.arch}'\n\n🏄 Plataforma → '{computerInfo.platform}'\n\n🤖 Nucleus → '{computerInfo.kernel}'\n\n💾 RAM → '{memoryInfo.overall}'\n\n👑 Nomen usoris → '{computerInfo.username}' ['{nomenUsoris}']\n\n🏠 Domus → '{computerInfo.home}'\n\n👪 GID → '{computerInfo.groupId}'\n\n👤 UID → '{computerInfo.userId}'\n\n🐚 Concha → '{computerInfo.shell}'\n\n❓ Nomen hospitis → '{computerInfo.hostname}'\n\n😲 Extremitas → '{computerInfo.endianness}'\n\n──── Informatio Secreta [Node.js] ────\n\n🥑 Node.js → '{process.version}'\n\n📎 Locus Node.js → '{process.execPath}'\n\n⛓️ Argumenta Node.js →\n\n{process.argv}\n\n📄 Titulus Node.js → '{process.title}'\n\n🆔 ID Processus → '{process.pid}'\n\n👶 ID Subprocessus → '{process.ppid}'\n\n👍 Consumptio memoriae [Tantum Node] → '{memoryInfo.node.overall}'\n\n📁 Architectura Node.js → '{process.arch}'\n\n🖥️ Plataforma Node.js → '{process.platform}'\n\n🔎 Versio Node.js → '{process.release.name} {process.release.lts}'\n\n🌐 URL Node.js nunc → '{process.release.sourceUrl}'\n\n👒 URL Capitis Node.js → '{process.release.headersUrl}'\n\n🦶 URL Bibliothecae Node.js → '{process.release.libUrl}'\n\n🕵️ Inspector → '{process.features.inspector}'\n\n🔢 Debugging → '{process.features.debug}'\n\n🤖 I/O UV Async → '{process.features.uv}'\n\n──── Informatio de OS [Moduli/Node] ────\n\n{process.versions}\n──── Informatio de OS [Computatrum/Environment] ────\n{process.env}"
        ]
    }
}