{
    "name": "source",
    "description": "Baixar, pesquisar ou enviar informações de vídeos do YouTube ou de sites.",
    "usage": {
        "general": "[Prefix][Alias] [-video|-audio|-link] [Termos de Busca|URL|ID]",
        "examples": [
            "/Play -audio Oshiete Oshiete yo Sono Shikumi wo",
            "/Video -video Leon vs Krauser Resident Evil 4",
            "/Video -link ASMR de carioca",
            "/VideoSearch -audio Madoka Magica Ending 2",
            "/DownVideo Hardcore Henry Chase Scene",
            "/DownAudio Loli Sounds for Sleep",
            "source.search('params', 'kill', 'chatId', 'id')",
            "source.execute('kill', 'params')",
            "source.down('link', 'type', 'kill', 'chatId', 'id')",
            "source.env()",
            "source.reset()",
            "source.env().functions.search.value('params', 'kill', 'chatId', 'id')",
            "source.env().functions.execute.value('kill', 'params')",
            "source.env().functions.down.value('link', 'type', 'kill', 'chatId', 'id')"
        ]
    },
    "license": "MIT",
    "helps": [
        "Você pode mudar os parâmetros da exports enviando o valor da Object que deseja editar ao resetar, por exemplo → source.reset({ name: 'Body'}) ← Isso mudaria o module de Tree para Body, o uso então passaria ser: → Body.funcão ← Isso também permite que você edita a função usando o mesmo método.",
        "Você pode mudar o que os códigos rodam, em tempo real, basta usar a 'env', por exemplo → source.env().name = 'Body' ← Mas este método não atualizará o sistema, somente a Object, os sistemas permanecem intactos.",
        "Você pode configurar o tempo de reset dos resultados ou se eles devem ser resetados usando a env, por exemplo → source.env().settings.wait = 10000 ← Isso mudaria o tempo de espera para 10 segundos, o tempo deve ser em milissegundos.",
        "Alguém lê essas dicas? Se sim, torne-se um programador, ler os tutoriais é de suma importância e poucos desenvolvedores o fazem...",
        "Existem infinitas formas de uso secretas, explore os códigos para descobrir os mistérios dos sistemas!",
        "Todas as funções tem valores padrão, então você não sofrerá erros por esquecer de enviar um parâmetro ou similar.",
        "Tenha em mente de evitar acentos, eles são um saco de lidar.",
        "Existem apenas três parâmetros de uso aqui, sendo eles 'info', 'video' e 'audio', evite acentuação quando usar manualmente.",
        "Apesar de ter ligações com o código kill, esse sistema pode ser usado fora do WhatsApp, via qualquer terminal com NodeJS."
    ],
    "exports": {
        "env": "env",
        "messedup": "messedup",
        "exec": "execute",
        "ios": "fixer",
        "down": "down",
        "search": "search",
        "reset": "reset",
        "poswork": "finish"
    },
    "developer": "KillovSky",
    "files": {
        "index.js": "Sistema de busca, download e envio de vídeos do YouTube.",
        "utils.json": "Dados de fábrica da envInfo."
    },
    "modules": {
        "fs": "Leitura de diretórios e arquivos.",
        "path": "Para inserção do local na envInfo.",
        "@ffmpeg-installer/ffmpeg": "Permite converter automaticamente formatos de video e áudio, para suporte no WhatsApp.",
        "fluent-ffmpeg": "Executa a formatação das midias para suporte de download em qualquer aparelho.",
        "yt-search": "Faz a busca pelos vídeos do YouTube.",
        "youtube-dl-exec": "Realiza o download dos vídeos do YouTube.",
        "../../Dialogues/index": "Funções que retornam os diálogos necessários.",
        "../../../index": "Para rodar funções de outros arquivos."
    },
    "functions": {
        "ambient": {
            "arguments": false,
            "description": "Retorna as variáveis e sistemas do arquivo.",
            "type": "Boolean / Function",
            "value": false
        },
        "messedup": {
            "arguments": {
                "error": {
                    "description": "Instância de erro para formatação.",
                    "type": "Boolean / Error",
                    "value": false
                }
            },
            "description": "Ajusta os valores de erro.",
            "type": "Boolean / Function",
            "value": false
        },
        "exec": {
            "arguments": {
                "kill": {
                    "description": "Funções de controle raiz da Íris.",
                    "type": "Boolean / Object",
                    "value": false
                },
                "env": {
                    "description": "Dados da mensagem recebida.",
                    "type": "Boolean / Object",
                    "value": false
                }
            },
            "description": "Redireciona a função correta para o arquivo correto.",
            "type": "Boolean / Function",
            "value": false
        },
        "search": {
            "arguments": {
                "seaTerms": {
                    "description": "Termos de busca do YouTube.",
                    "type": "Boolean / String",
                    "value": false
                },
                "kill": {
                    "description": "Funções de controle raiz da Íris.",
                    "type": "Boolean / Object",
                    "value": false
                },
                "chatId": {
                    "description": "Identificação única do local onde os comandos estão rodando.",
                    "type": "Boolean / String",
                    "value": false
                },
                "quoteThis": {
                    "description": "Identificação única da mensagem recebida para rodar o comando.",
                    "type": "Boolean / String",
                    "value": false
                }
            },
            "description": "Faz a busca dos vídeos do YouTube.",
            "type": "Boolean / Function",
            "value": false
        },
        "down": {
            "arguments": {
                "linkURL": {
                    "description": "Link para download do video ou áudio do YouTube.",
                    "type": "String",
                    "value": "None"
                },
                "searchType": {
                    "description": "Tipo de função a executar, os valores permitidos são 'info', 'video' ou 'audio', todos devem ser em letras minusculas e sem acentuação.",
                    "type": "String",
                    "value": "info"
                },
                "kill": {
                    "description": "Funções de controle raiz da Íris.",
                    "type": "Boolean / Object",
                    "value": false
                },
                "chatId": {
                    "description": "Identificação única do local onde os comandos estão rodando.",
                    "type": "Boolean / String",
                    "value": false
                },
                "quoteThis": {
                    "description": "Identificação única da mensagem recebida para rodar o comando.",
                    "type": "Boolean / String",
                    "value": false
                },
				"haveURL": {
                    "description": "Define se a URL é externa ou do YouTube.",
                    "type": "Object",
                    "value": {
						"isURL": false,
						"matchedURL": "none"
					}
                }
            },
            "description": "Faz o download dos vídeos e envia para onde foi requisitado.",
            "type": "Boolean / Function",
            "value": false
        },
        "poswork": {
            "arguments": {
                "response": {
                    "description": "Resultados de uma função.",
                    "type": "Any",
                    "value": false
                }
            },
            "description": "Verifica se pode resetar a envInfo e retorna o resultado da função.",
            "type": "Boolean / Function",
            "value": false
        },
        "ios": {
            "arguments": {
                "inputPath": {
                    "description": "Local do áudio original.",
                    "type": "Boolean / String",
                    "value": false
                },
                "outputPath": {
                    "description": "Local do áudio que ira fazer.",
                    "type": "Boolean / String",
                    "value": false
                }
            },
            "description": "Corrige audios para serem capazes de reproduzir no IOS.",
            "type": "Boolean / Function",
            "value": false
        },
        "revert": {
            "arguments": {
                "changeKey": {
                    "description": "Uma Object com valores que existem na envInfo, ela será usada para substituir o sistema em tempo real.",
                    "type": "Object value",
                    "anyValue": false
                }
            },
            "description": "Reseta a envInfo para a Object padrão.",
            "type": "Boolean / Function",
            "value": false
        }
    },
    "settings": {
        "wait": {
            "description": "Tempo em MS que deve esperar antes de resetar.",
            "type": "Number",
            "value": 5000
        },
        "error": {
            "description": "Define se pode printar qualquer erro.",
            "type": "Boolean",
            "value": true
        },
        "ender": {
            "description": "Define se deve resetar a cada erro.",
            "type": "Boolean",
            "value": true
        },
        "finish": {
            "description": "Define se deve resetar a cada finalização.",
            "type": "Boolean",
            "value": true
        }
    },
    "parameters": {
        "systemSets": {
            "description": "Configurações padrão de downloads e espera de mensagens.",
            "type": "Object",
            "value": {
                "audio": {
                    "audioFormat": "mp3",
                    "ffmpegLocation": "auto",
                    "maxFilesize": "16M",
                    "noCallHome": true,
                    "noCheckCertificate": true,
                    "noWarnings": true,
                    "o": "auto",
                    "x": true,
                    "youtubeSkipDashManifest": true
                },
                "video": {
                    "format": "mp4",
                    "getUrl": true,
                    "matchFilters": "filesize_approx<16000000",
                    "maxFilesize": "16M",
                    "noCallHome": true,
                    "noCheckCertificate": true,
                    "noWarnings": true,
                    "skipDownload": true,
                    "x": true,
                    "youtubeSkipDashManifest": true
                },
                "info": {
                    "callHome": false,
                    "getUrl": true,
                    "noCheckCertificate": true,
                    "noWarnings": true
                }
            }
        },
        "location": {
            "description": "Local onde o módulo pode ser encontrado.",
            "type": "Boolean / String",
            "value": "./index"
        },
        "code": {
            "description": "Código do erro que obter.",
            "type": "Boolean / String / Number",
            "value": false
        },
        "message": {
            "description": "Armazena a mensagem do último erro recebido.",
            "type": "Boolean / String",
            "value": false
        }
    },
    "results": {
        "description": "Resultado final da função.",
        "success": true,
        "type": "String / Boolean",
        "value": false
    }
}