{
    "name": "collect",
    "description": "Adquirir os parâmetros e adicionais de uma mensagem, redirecionando para suas funções corretas.",
    "usage": {
        "general": "[RESTRITO] - Verifique o 'examples' para usos inseguros.",
        "examples": [
            "collect.env()",
            "collect.make()",
            "collect.env().functions.make.value()",
            "collect.env().functions.revert.value()"
        ]
    },
    "license": "MIT",
    "helps": [
        "Você pode mudar os parâmetros da exports enviando o valor da Object que deseja editar ao resetar, por exemplo → collect.reset({ name: 'Body'}) ← Isso mudaria o module de Tree para Body, o uso então passaria ser: → Body.funcão ← Isso também permite que você edita a função usando o mesmo método.",
        "Você pode mudar o que os códigos rodam, em tempo real, basta usar a 'env', por exemplo → collect.env().name = 'Body' ← Mas este método não atualizará o sistema, somente a Object, os sistemas permanecem intactos.",
        "Você pode configurar o tempo de reset dos resultados ou se eles devem ser resetados usando a env, por exemplo → collect.env().settings.wait = 10000 ← Isso mudaria o tempo de espera para 10 segundos, o tempo deve ser em milissegundos.",
        "Alguém lê essas dicas? Se sim, torne-se um programador, ler os tutoriais é de suma importância e poucos desenvolvedores o fazem...",
        "Existem infinitas formas de uso secretas, explore os códigos para descobrir os mistérios dos sistemas!",
        "Todas as funções tem valores padrão, então você não sofrerá erros por esquecer de enviar um parâmetro ou similar."
    ],
    "exports": {
        "env": "env",
        "messedup": "messedup",
        "make": "make",
        "control": "control",
        "reset": "reset",
        "poswork": "finish"
    },
    "developer": "KillovSky",
    "files": {
        "index.js": "Sistema que adquire os parâmetros de uma mensagem e seus dados adicionais, além de redirecionar para o local correto.",
        "utils.json": "Dados de fábrica da envInfo."
    },
    "modules": {
        "fs": "Leitura de diretórios e arquivos.",
        "path": "Para obter o nome da pasta.",
        "removeAccents": "Remove os acentos desnecessários dos comandos.",
        "similarity": "Buscar comandos similares",
        "@whiskeysockets/baileys": "Download de mídias e outros sistemas.",
        "../../../index": "Para rodar funções de outros arquivos.",
        "../../../Dialogues/index": "Para obter dialogos para funções e logging."
    },
    "functions": {
        "ambient": {
            "arguments": false,
            "description": "Retorna as variáveis e sistemas do arquivo.",
            "type": "Boolean / Function",
            "value": false
        },
        "messedup": {
            "arguments": {
                "error": {
                    "description": "Instância de erro para formatação.",
                    "type": "Boolean / Error",
                    "value": false
                }
            },
            "description": "Ajusta os valores de erro.",
            "type": "Boolean / Function",
            "value": false
        },
        "control": {
            "arguments": {
                "cmdTimes": {
                    "description": "Nome do comando para rodar.",
                    "type": "String",
                    "value": "Default"
                }
            },
            "description": "Redireciona os dados para o comando que deve executar.",
            "type": "Boolean / Function",
            "value": false
        },
        "make": {
            "arguments": {
                "kill": {
                    "description": "Funções de controle raiz da Íris.",
                    "type": "Boolean / Object",
                    "value": false
                },
                "message": {
                    "description": "Mensagem recebida para fazer parse.",
                    "type": "Boolean / Object",
                    "value": false
                }
            },
            "description": "Adquire os parâmetros da mensagem e dados adicionais.",
            "type": "Boolean / Function",
            "value": false
        },
        "poswork": {
            "arguments": {
                "response": {
                    "description": "Resultados de uma função.",
                    "type": "Any",
                    "value": false
                }
            },
            "description": "Verifica se pode resetar a envInfo e retorna o resultado da função.",
            "type": "Boolean / Function",
            "value": false
        },
        "revert": {
            "arguments": {
                "changeKey": {
                    "description": "Uma Object com valores que existem na envInfo, ela será usada para substituir o sistema em tempo real.",
                    "type": "Object value",
                    "anyValue": false
                }
            },
            "description": "Reseta a envInfo para a Object padrão.",
            "type": "Boolean / Function",
            "value": false
        }
    },
    "settings": {
        "wait": {
            "description": "Tempo em MS que deve esperar antes de resetar.",
            "type": "Number",
            "value": 5000
        },
        "error": {
            "description": "Define se pode printar qualquer erro.",
            "type": "Boolean",
            "value": true
        },
        "ender": {
            "description": "Define se deve resetar a cada erro.",
            "type": "Boolean",
            "value": true
        },
        "finish": {
            "description": "Define se deve resetar a cada finalização.",
            "type": "Boolean",
            "value": true
        }
    },
    "parameters": {
        "alias": {
            "description": "Local onde o módulo pode ser encontrado.",
            "type": "Object",
            "value": {
                "Images": [
                    "images",
                    "randomimage",
                    "loli",
                    "qr",
                    "search",
                    "getsticker"
                ],
                "Games": [
                    "games",
                    "spin",
                    "cassino",
                    "pedra",
                    "papel",
                    "tesoura",
                    "roleta",
                    "cara",
                    "steal",
                    "roubar",
                    "coroa",
                    "rolette",
                    "roll"
                ],
                "Memes": [
                    "3db",
                    "1917",
                    "thunder",
                    "wolfb",
                    "wolfg",
                    "80s",
                    "pornhub",
                    "bpink",
                    "thunder",
                    "water",
                    "3dg",
                    "affect",
                    "apagar",
                    "bandeira",
                    "batslap",
                    "beautiful",
                    "bed",
                    "beijo",
                    "blur",
                    "bolsoframe",
                    "bolsolike",
                    "bolsonero",
                    "bolsotv",
                    "briggs",
                    "burn",
                    "circle",
                    "clyde",
                    "cmm",
                    "delete",
                    "distracted",
                    "drake",
                    "edtv",
                    "facepalm",
                    "fuse",
                    "gay",
                    "grey",
                    "greyscale",
                    "hitler",
                    "invert",
                    "jail",
                    "joke",
                    "jooj",
                    "kiss",
                    "later",
                    "light",
                    "lindo",
                    "lixo",
                    "medal",
                    "memes",
                    "morrepraga",
                    "ohno",
                    "ojjo",
                    "opinion",
                    "paper",
                    "pepe",
                    "petpet",
                    "phcom",
                    "ytcom",
                    "pixelate",
                    "rainbow",
                    "reverse",
                    "revert",
                    "rip",
                    "romero",
                    "sepia",
                    "sharpen",
                    "ship",
                    "shit",
                    "shottv",
                    "slap",
                    "spank",
                    "spongebob",
                    "suckerberg",
                    "trash",
                    "trigger",
                    "wanted",
                    "wasted",
                    "wolverine"
                ],
                "Default": [
                    "default",
                    "fallback"
                ],
                "Nasa": [
                    "nasa",
                    "apod",
                    "space"
                ],
                "Ping": [
                    "ping",
                    "pcinfo",
                    "sessioninfo"
                ],
                "Stickers": [
                    "sticker",
                    "fig",
                    "figurinha",
                    "rename",
                    "renomear",
                    "stiker",
                    "f",
                    "s",
                    "st",
                    "stickergif",
                    "gif",
                    "g",
                    "gifsticker"
                ],
                "YouTube": [
                    "play",
                    "youtube",
                    "video",
                    "downvideo",
                    "downaudio",
                    "videosearch"
                ],
                "Handlers": [
                    "antifake",
                    "handlers",
                    "blacklist",
                    "prefix",
                    "nsfw",
                    "language",
                    "goodbye",
                    "whitelist",
                    "leveling",
                    "welcome",
                    "antispam"
                ],
                "Everyone": [
                    "everyone",
                    "totag",
                    "mentionall"
                ],
                "Manager": [
                    "manager",
                    "softban",
                    "kick",
                    "remove",
                    "promote",
                    "toadm",
                    "giveadm",
                    "demote",
                    "tiraradm",
                    "undoadm",
                    "add",
                    "unban",
                    "unkick"
                ],
                "Tictactoe": [
                    "tictactoe",
                    "tictac",
                    "jogodavelha",
                    "ttt"
                ],
                "Chess": [
                    "chess",
                    "xadrez"
                ],
                "Level": [
                    "level",
                    "nivel",
                    "lvl"
                ]
            }
        },
        "baseCMDs": {
            "description": "Local padrão para buscar comandos.",
            "type": "String",
            "value": "./lib/Commands/"
        },
        "location": {
            "description": "Local onde o módulo pode ser encontrado.",
            "type": "Boolean / String",
            "value": "./index"
        },
        "code": {
            "description": "Código do erro que obter.",
            "type": "Boolean / String / Number",
            "value": false
        },
        "message": {
            "description": "Armazena a mensagem do último erro recebido.",
            "type": "Boolean / String",
            "value": false
        }
    },
    "results": {
        "description": "Resultado final da função.",
        "success": true,
        "type": "Any",
        "value": false
    }
}