{
    "name": "games",
    "description": "Executar sistemas de jogos de azar e demais tipos de jogo.",
    "usage": {
        "general": "[Prefix][Alias]",
        "examples": [
            "/Roleta",
            "/Games --help",
            "games.execute('kill', 'params')",
            "games.env()",
            "games.reset()",
            "games.env().functions.execute.value('kill', 'params')"
        ]
    },
    "license": "MIT",
    "helps": [
        "Se for pego ao roubar, você deverá pagar um valor para a vítima, se não puder, você será preso temporariamente.",
        "Os ganhos escalarão com base em seu nível, para evitar super ganhos ou super percas, não é mais possivel apostar valores customizados.",
        "Em alguns jogos, o nome do comando é o que define sua jogada, como no jokenpo, onde os comandos são 'pedra', 'papel' e 'tesoura'.",
        "Caso você não tenha moedas, você não perderá nada ao apostar, mas se ganhar, você passará a apostar valendo de verdade.",
        "Se ocorrer um empate, ninguém receberá premio algum."
    ],
    "exports": {
        "env": "env",
        "messedup": "messedup",
        "exec": "execute",
        "reset": "reset",
        "poswork": "finish"
    },
    "developer": "KillovSky",
    "files": {
        "index.js": "Sistema que faz a coleta das informações e envio.",
        "utils.json": "Dados de fábrica da envInfo.",
        "Cache/cara.png": "Imagem de cara do jogo de flip coin.",
        "Cache/lostGame.jpg": "Imagem de derrota para o jogo de roleta russa.",
        "Cache/winGame.jpg": "Imagem de vitoria para o jogo de roleta russa."
    },
    "modules": {
        "fs": "Leitura de diretórios e arquivos.",
        "path": "Para inserção do local na envInfo.",
        "../../Dialogues/index": "Funções que retornam os diálogos necessários.",
        "../../index'": "Para rodar funções de outros arquivos."
    },
    "functions": {
        "ambient": {
            "arguments": false,
            "description": "Retorna as variáveis e sistemas do arquivo.",
            "type": "Boolean / Function",
            "value": false
        },
        "messedup": {
            "arguments": {
                "error": {
                    "description": "Instância de erro para formatação.",
                    "type": "Boolean / Error",
                    "value": false
                }
            },
            "description": "Ajusta os valores de erro.",
            "type": "Boolean / Function",
            "value": false
        },
        "exec": {
            "arguments": {
                "kill": {
                    "description": "Funções de controle raiz da Íris.",
                    "type": "Boolean / Object",
                    "value": false
                },
                "env": {
                    "description": "Dados da mensagem recebida.",
                    "type": "Boolean / Object",
                    "value": false
                }
            },
            "description": "Executa o comando representado nesse arquivo.",
            "type": "Boolean / Function",
            "value": false
        },
        "poswork": {
            "arguments": {
                "response": {
                    "description": "Resultados de uma função.",
                    "type": "Any",
                    "value": false
                }
            },
            "description": "Verifica se pode resetar a envInfo e retorna o resultado da função.",
            "type": "Boolean / Function",
            "value": false
        },
        "revert": {
            "arguments": {
                "changeKey": {
                    "description": "Uma Object com valores que existem na envInfo, ela será usada para substituir o sistema em tempo real.",
                    "type": "Object value",
                    "anyValue": false
                }
            },
            "description": "Reseta a envInfo para a Object padrão.",
            "type": "Boolean / Function",
            "value": false
        }
    },
    "settings": {
        "wait": {
            "description": "Tempo em MS que deve esperar antes de resetar.",
            "type": "Number",
            "value": 5000
        },
        "error": {
            "description": "Define se pode printar qualquer erro.",
            "type": "Boolean",
            "value": true
        },
        "ender": {
            "description": "Define se deve resetar a cada erro.",
            "type": "Boolean",
            "value": true
        },
        "finish": {
            "description": "Define se deve resetar a cada finalização.",
            "type": "Boolean",
            "value": true
        }
    },
    "parameters": {
        "location": {
            "description": "Local onde o módulo pode ser encontrado.",
            "type": "Boolean / String",
            "value": "./index"
        },
        "code": {
            "description": "Código do erro que obter.",
            "type": "Boolean / String / Number",
            "value": false
        },
        "message": {
            "description": "Armazena a mensagem do último erro recebido.",
            "type": "Boolean / String",
            "value": false
        },
        "prisonTime": {
            "description": "Define o tempo de prisão de algúem em minutos, caso não tenha como fazer subornos.",
            "type": "Number",
            "value": 10
        }
    },
    "results": {
        "description": "Resultado final da função.",
        "success": true,
        "type": "String / Boolean",
        "value": false
    }
}